YEAR;MUN;INTENSITY_USE_DWELLINGS;CONCEPT;status;value
2021;080018;EMPT_DW_EL_C_MIN;DWELL;;257
2021;080018;LWU_DW_EL_C_UND_250;DWELL;;74
2021;080018;OCCU_DW_EL_C_250_750;DWELL;;280
2021;080018;REGU_DW_EL_C_MORE_750;DWELL;;4655
2021;080018;TOTAL;DWELL;;5266
2021;250030;EMPT_DW_EL_C_MIN;DWELL;;317
2021;250030;LWU_DW_EL_C_UND_250;DWELL;;89
2021;250030;OCCU_DW_EL_C_250_750;DWELL;;203
2021;250030;REGU_DW_EL_C_MORE_750;DWELL;;2136
2021;250030;TOTAL;DWELL;;2745
2021;080142;EMPT_DW_EL_C_MIN;DWELL;;72
2021;080142;LWU_DW_EL_C_UND_250;DWELL;;26
2021;080142;OCCU_DW_EL_C_250_750;DWELL;;109
2021;080142;REGU_DW_EL_C_MORE_750;DWELL;;1091
2021;080142;TOTAL;DWELL;;1298
2021;250387;EMPT_DW_EL_C_MIN;DWELL;;298
2021;250387;LWU_DW_EL_C_UND_250;DWELL;;14
2021;250387;OCCU_DW_EL_C_250_750;DWELL;;62
2021;250387;REGU_DW_EL_C_MORE_750;DWELL;;844
2021;250387;TOTAL;DWELL;;1218
2021;250077;EMPT_DW_EL_C_MIN;DWELL;;127
2021;250077;LWU_DW_EL_C_UND_250;DWELL;;19
2021;250077;OCCU_DW_EL_C_250_750;DWELL;;59
2021;250077;REGU_DW_EL_C_MORE_750;DWELL;;704
2021;250077;TOTAL;DWELL;;909
2021;250083;EMPT_DW_EL_C_MIN;DWELL;;166
2021;250083;LWU_DW_EL_C_UND_250;DWELL;;20
2021;250083;OCCU_DW_EL_C_250_750;DWELL;;43
2021;250083;REGU_DW_EL_C_MORE_750;DWELL;;548
2021;250083;TOTAL;DWELL;;777
2021;430022;EMPT_DW_EL_C_MIN;DWELL;;284
2021;430022;LWU_DW_EL_C_UND_250;DWELL;;56
2021;430022;OCCU_DW_EL_C_250_750;DWELL;;160
2021;430022;REGU_DW_EL_C_MORE_750;DWELL;;1086
2021;430022;TOTAL;DWELL;;1586
2021;430043;EMPT_DW_EL_C_MIN;DWELL;;1228
2021;430043;LWU_DW_EL_C_UND_250;DWELL;;602
2021;430043;OCCU_DW_EL_C_250_750;DWELL;;1420
2021;430043;REGU_DW_EL_C_MORE_750;DWELL;;5339
2021;430043;TOTAL;DWELL;;8589
2021;250117;EMPT_DW_EL_C_MIN;DWELL;;471
2021;250117;LWU_DW_EL_C_UND_250;DWELL;;85
2021;250117;OCCU_DW_EL_C_250_750;DWELL;;346
2021;250117;REGU_DW_EL_C_MORE_750;DWELL;;3888
2021;250117;TOTAL;DWELL;;4790
2021;250122;EMPT_DW_EL_C_MIN;DWELL;;194
2021;250122;LWU_DW_EL_C_UND_250;DWELL;;34
2021;250122;OCCU_DW_EL_C_250_750;DWELL;;112
2021;250122;REGU_DW_EL_C_MORE_750;DWELL;;1331
2021;250122;TOTAL;DWELL;;1671
2021;430056;EMPT_DW_EL_C_MIN;DWELL;;259
2021;430056;LWU_DW_EL_C_UND_250;DWELL;;78
2021;430056;OCCU_DW_EL_C_250_750;DWELL;;229
2021;430056;REGU_DW_EL_C_MORE_750;DWELL;;2167
2021;430056;TOTAL;DWELL;;2733
2021;439044;EMPT_DW_EL_C_MIN;DWELL;;565
2021;439044;LWU_DW_EL_C_UND_250;DWELL;;73
2021;439044;OCCU_DW_EL_C_250_750;DWELL;;204
2021;439044;REGU_DW_EL_C_MORE_750;DWELL;;1718
2021;439044;TOTAL;DWELL;;2560
2021;080039;EMPT_DW_EL_C_MIN;DWELL;;239
2021;080039;LWU_DW_EL_C_UND_250;DWELL;;29
2021;080039;OCCU_DW_EL_C_250_750;DWELL;;180
2021;080039;REGU_DW_EL_C_MORE_750;DWELL;;3510
2021;080039;TOTAL;DWELL;;3958
2021;250138;EMPT_DW_EL_C_MIN;DWELL;;413
2021;250138;LWU_DW_EL_C_UND_250;DWELL;;45
2021;250138;OCCU_DW_EL_C_250_750;DWELL;;130
2021;250138;REGU_DW_EL_C_MORE_750;DWELL;;1014
2021;250138;TOTAL;DWELL;;1602
2021;430094;EMPT_DW_EL_C_MIN;DWELL;;241
2021;430094;LWU_DW_EL_C_UND_250;DWELL;;46
2021;430094;OCCU_DW_EL_C_250_750;DWELL;;125
2021;430094;REGU_DW_EL_C_MORE_750;DWELL;;830
2021;430094;TOTAL;DWELL;;1242
2021;250169;EMPT_DW_EL_C_MIN;DWELL;;307
2021;250169;LWU_DW_EL_C_UND_250;DWELL;;43
2021;250169;OCCU_DW_EL_C_250_750;DWELL;;120
2021;250169;REGU_DW_EL_C_MORE_750;DWELL;;1142
2021;250169;TOTAL;DWELL;;1612
2021;250194;EMPT_DW_EL_C_MIN;DWELL;;782
2021;250194;LWU_DW_EL_C_UND_250;DWELL;;87
2021;250194;OCCU_DW_EL_C_250_750;DWELL;;231
2021;250194;REGU_DW_EL_C_MORE_750;DWELL;;2399
2021;250194;TOTAL;DWELL;;3499
2021;250215;EMPT_DW_EL_C_MIN;DWELL;;354
2021;250215;LWU_DW_EL_C_UND_250;DWELL;;60
2021;250215;OCCU_DW_EL_C_250_750;DWELL;;148
2021;250215;REGU_DW_EL_C_MORE_750;DWELL;;1325
2021;250215;TOTAL;DWELL;;1887
2021;430115;EMPT_DW_EL_C_MIN;DWELL;;97
2021;430115;LWU_DW_EL_C_UND_250;DWELL;;12
2021;430115;OCCU_DW_EL_C_250_750;DWELL;;32
2021;430115;REGU_DW_EL_C_MORE_750;DWELL;;492
2021;430115;TOTAL;DWELL;;633
2021;170062;EMPT_DW_EL_C_MIN;DWELL;;655
2021;170062;LWU_DW_EL_C_UND_250;DWELL;;232
2021;170062;OCCU_DW_EL_C_250_750;DWELL;;754
2021;170062;REGU_DW_EL_C_MORE_750;DWELL;;1777
2021;170062;TOTAL;DWELL;;3418
2021;250236;EMPT_DW_EL_C_MIN;DWELL;;327
2021;250236;LWU_DW_EL_C_UND_250;DWELL;;31
2021;250236;OCCU_DW_EL_C_250_750;DWELL;;103
2021;250236;REGU_DW_EL_C_MORE_750;DWELL;;2204
2021;250236;TOTAL;DWELL;;2665
2021;430120;EMPT_DW_EL_C_MIN;DWELL;;357
2021;430120;LWU_DW_EL_C_UND_250;DWELL;;271
2021;430120;OCCU_DW_EL_C_250_750;DWELL;;978
2021;430120;REGU_DW_EL_C_MORE_750;DWELL;;3245
2021;430120;TOTAL;DWELL;;4851
2021;170078;EMPT_DW_EL_C_MIN;DWELL;;311
2021;170078;LWU_DW_EL_C_UND_250;DWELL;;30
2021;170078;OCCU_DW_EL_C_250_750;DWELL;;72
2021;170078;REGU_DW_EL_C_MORE_750;DWELL;;972
2021;170078;TOTAL;DWELL;;1385
2021;430136;EMPT_DW_EL_C_MIN;DWELL;;1574
2021;430136;LWU_DW_EL_C_UND_250;DWELL;;377
2021;430136;OCCU_DW_EL_C_250_750;DWELL;;1029
2021;430136;REGU_DW_EL_C_MORE_750;DWELL;;5306
2021;430136;TOTAL;DWELL;;8286
2021;080057;EMPT_DW_EL_C_MIN;DWELL;;311
2021;080057;LWU_DW_EL_C_UND_250;DWELL;;32
2021;080057;OCCU_DW_EL_C_250_750;DWELL;;144
2021;080057;REGU_DW_EL_C_MORE_750;DWELL;;3121
2021;080057;TOTAL;DWELL;;3608
2021;439060;EMPT_DW_EL_C_MIN;DWELL;;837
2021;439060;LWU_DW_EL_C_UND_250;DWELL;;322
2021;439060;OCCU_DW_EL_C_250_750;DWELL;;902
2021;439060;REGU_DW_EL_C_MORE_750;DWELL;;2974
2021;439060;TOTAL;DWELL;;5035
2021;430141;EMPT_DW_EL_C_MIN;DWELL;;1650
2021;430141;LWU_DW_EL_C_UND_250;DWELL;;317
2021;430141;OCCU_DW_EL_C_250_750;DWELL;;937
2021;430141;REGU_DW_EL_C_MORE_750;DWELL;;8968
2021;430141;TOTAL;DWELL;;11872
2021;170084;EMPT_DW_EL_C_MIN;DWELL;;526
2021;170084;LWU_DW_EL_C_UND_250;DWELL;;41
2021;170084;OCCU_DW_EL_C_250_750;DWELL;;144
2021;170084;REGU_DW_EL_C_MORE_750;DWELL;;2026
2021;170084;TOTAL;DWELL;;2737
2021;250273;EMPT_DW_EL_C_MIN;DWELL;;95
2021;250273;LWU_DW_EL_C_UND_250;DWELL;;31
2021;250273;OCCU_DW_EL_C_250_750;DWELL;;56
2021;250273;REGU_DW_EL_C_MORE_750;DWELL;;521
2021;250273;TOTAL;DWELL;;703
2021;250292;EMPT_DW_EL_C_MIN;DWELL;;541
2021;250292;LWU_DW_EL_C_UND_250;DWELL;;45
2021;250292;OCCU_DW_EL_C_250_750;DWELL;;117
2021;250292;REGU_DW_EL_C_MORE_750;DWELL;;861
2021;250292;TOTAL;DWELL;;1564
2021;430167;EMPT_DW_EL_C_MIN;DWELL;;198
2021;430167;LWU_DW_EL_C_UND_250;DWELL;;66
2021;430167;OCCU_DW_EL_C_250_750;DWELL;;179
2021;430167;REGU_DW_EL_C_MORE_750;DWELL;;1988
2021;430167;TOTAL;DWELL;;2431
2021;170097;EMPT_DW_EL_C_MIN;DWELL;;300
2021;170097;LWU_DW_EL_C_UND_250;DWELL;;123
2021;170097;OCCU_DW_EL_C_250_750;DWELL;;344
2021;170097;REGU_DW_EL_C_MORE_750;DWELL;;2565
2021;170097;TOTAL;DWELL;;3332
2021;080060;EMPT_DW_EL_C_MIN;DWELL;;739
2021;080060;LWU_DW_EL_C_UND_250;DWELL;;247
2021;080060;OCCU_DW_EL_C_250_750;DWELL;;793
2021;080060;REGU_DW_EL_C_MORE_750;DWELL;;6634
2021;080060;TOTAL;DWELL;;8413
2021;080076;EMPT_DW_EL_C_MIN;DWELL;;219
2021;080076;LWU_DW_EL_C_UND_250;DWELL;;116
2021;080076;OCCU_DW_EL_C_250_750;DWELL;;315
2021;080076;REGU_DW_EL_C_MORE_750;DWELL;;3789
2021;080076;TOTAL;DWELL;;4439
2021;080095;EMPT_DW_EL_C_MIN;DWELL;;248
2021;080095;LWU_DW_EL_C_UND_250;DWELL;;85
2021;080095;OCCU_DW_EL_C_250_750;DWELL;;259
2021;080095;REGU_DW_EL_C_MORE_750;DWELL;;4631
2021;080095;TOTAL;DWELL;;5223
2021;080109;EMPT_DW_EL_C_MIN;DWELL;;199
2021;080109;LWU_DW_EL_C_UND_250;DWELL;;63
2021;080109;OCCU_DW_EL_C_250_750;DWELL;;149
2021;080109;REGU_DW_EL_C_MORE_750;DWELL;;2244
2021;080109;TOTAL;DWELL;;2655
2021;250334;EMPT_DW_EL_C_MIN;DWELL;;68
2021;250334;LWU_DW_EL_C_UND_250;DWELL;;10
2021;250334;OCCU_DW_EL_C_250_750;DWELL;;47
2021;250334;REGU_DW_EL_C_MORE_750;DWELL;;547
2021;250334;TOTAL;DWELL;;672
2021;250349;EMPT_DW_EL_C_MIN;DWELL;;427
2021;250349;LWU_DW_EL_C_UND_250;DWELL;;109
2021;250349;OCCU_DW_EL_C_250_750;DWELL;;221
2021;250349;REGU_DW_EL_C_MORE_750;DWELL;;1527
2021;250349;TOTAL;DWELL;;2284
2021;430192;EMPT_DW_EL_C_MIN;DWELL;;313
2021;430192;LWU_DW_EL_C_UND_250;DWELL;;33
2021;430192;OCCU_DW_EL_C_250_750;DWELL;;80
2021;430192;REGU_DW_EL_C_MORE_750;DWELL;;503
2021;430192;TOTAL;DWELL;;929
2021;080116;EMPT_DW_EL_C_MIN;DWELL;;99
2021;080116;LWU_DW_EL_C_UND_250;DWELL;;39
2021;080116;OCCU_DW_EL_C_250_750;DWELL;;118
2021;080116;REGU_DW_EL_C_MORE_750;DWELL;;851
2021;080116;TOTAL;DWELL;;1107
2021;080121;EMPT_DW_EL_C_MIN;DWELL;;153
2021;080121;LWU_DW_EL_C_UND_250;DWELL;;21
2021;080121;OCCU_DW_EL_C_250_750;DWELL;;75
2021;080121;REGU_DW_EL_C_MORE_750;DWELL;;864
2021;080121;TOTAL;DWELL;;1113
2021;170123;EMPT_DW_EL_C_MIN;DWELL;;67
2021;170123;LWU_DW_EL_C_UND_250;DWELL;;5
2021;170123;OCCU_DW_EL_C_250_750;DWELL;;22
2021;170123;REGU_DW_EL_C_MORE_750;DWELL;;531
2021;170123;TOTAL;DWELL;;625
2021;080137;EMPT_DW_EL_C_MIN;DWELL;;157
2021;080137;LWU_DW_EL_C_UND_250;DWELL;;12
2021;080137;OCCU_DW_EL_C_250_750;DWELL;;49
2021;080137;REGU_DW_EL_C_MORE_750;DWELL;;680
2021;080137;TOTAL;DWELL;;898
2021;080155;EMPT_DW_EL_C_MIN;DWELL;;7714
2021;080155;LWU_DW_EL_C_UND_250;DWELL;;1693
2021;080155;OCCU_DW_EL_C_250_750;DWELL;;5430
2021;080155;REGU_DW_EL_C_MORE_750;DWELL;;77078
2021;080155;TOTAL;DWELL;;91915
2021;089045;EMPT_DW_EL_C_MIN;DWELL;;373
2021;089045;LWU_DW_EL_C_UND_250;DWELL;;57
2021;089045;OCCU_DW_EL_C_250_750;DWELL;;249
2021;089045;REGU_DW_EL_C_MORE_750;DWELL;;4768
2021;089045;TOTAL;DWELL;;5447
2021;080168;EMPT_DW_EL_C_MIN;DWELL;;173
2021;080168;LWU_DW_EL_C_UND_250;DWELL;;118
2021;080168;OCCU_DW_EL_C_250_750;DWELL;;295
2021;080168;REGU_DW_EL_C_MORE_750;DWELL;;1110
2021;080168;TOTAL;DWELL;;1696
2021;250404;EMPT_DW_EL_C_MIN;DWELL;;1398
2021;250404;LWU_DW_EL_C_UND_250;DWELL;;227
2021;250404;OCCU_DW_EL_C_250_750;DWELL;;623
2021;250404;REGU_DW_EL_C_MORE_750;DWELL;;6607
2021;250404;TOTAL;DWELL;;8855
2021;080174;EMPT_DW_EL_C_MIN;DWELL;;135
2021;080174;LWU_DW_EL_C_UND_250;DWELL;;55
2021;080174;OCCU_DW_EL_C_250_750;DWELL;;125
2021;080174;REGU_DW_EL_C_MORE_750;DWELL;;1415
2021;080174;TOTAL;DWELL;;1730
2021;080180;EMPT_DW_EL_C_MIN;DWELL;;295
2021;080180;LWU_DW_EL_C_UND_250;DWELL;;45
2021;080180;OCCU_DW_EL_C_250_750;DWELL;;143
2021;080180;REGU_DW_EL_C_MORE_750;DWELL;;1227
2021;080180;TOTAL;DWELL;;1710
2021;430206;EMPT_DW_EL_C_MIN;DWELL;;194
2021;430206;LWU_DW_EL_C_UND_250;DWELL;;27
2021;430206;OCCU_DW_EL_C_250_750;DWELL;;105
2021;430206;REGU_DW_EL_C_MORE_750;DWELL;;1297
2021;430206;TOTAL;DWELL;;1623
2021;170157;EMPT_DW_EL_C_MIN;DWELL;;485
2021;170157;LWU_DW_EL_C_UND_250;DWELL;;176
2021;170157;OCCU_DW_EL_C_250_750;DWELL;;488
2021;170157;REGU_DW_EL_C_MORE_750;DWELL;;7915
2021;170157;TOTAL;DWELL;;9064
2021;082520;EMPT_DW_EL_C_MIN;DWELL;;978
2021;082520;LWU_DW_EL_C_UND_250;DWELL;;199
2021;082520;OCCU_DW_EL_C_250_750;DWELL;;543
2021;082520;REGU_DW_EL_C_MORE_750;DWELL;;12048
2021;082520;TOTAL;DWELL;;13768
2021;080193;EMPT_DW_EL_C_MIN;DWELL;;75488
2021;080193;LWU_DW_EL_C_UND_250;DWELL;;16123
2021;080193;OCCU_DW_EL_C_250_750;DWELL;;55772
2021;080193;REGU_DW_EL_C_MORE_750;DWELL;;661368
2021;080193;TOTAL;DWELL;;808751
2021;170160;EMPT_DW_EL_C_MIN;DWELL;;131
2021;170160;LWU_DW_EL_C_UND_250;DWELL;;13
2021;170160;OCCU_DW_EL_C_250_750;DWELL;;33
2021;170160;REGU_DW_EL_C_MORE_750;DWELL;;372
2021;170160;TOTAL;DWELL;;549
2021;430228;EMPT_DW_EL_C_MIN;DWELL;;241
2021;430228;LWU_DW_EL_C_UND_250;DWELL;;51
2021;430228;OCCU_DW_EL_C_250_750;DWELL;;104
2021;430228;REGU_DW_EL_C_MORE_750;DWELL;;710
2021;430228;TOTAL;DWELL;;1106
2021;080207;EMPT_DW_EL_C_MIN;DWELL;;153
2021;080207;LWU_DW_EL_C_UND_250;DWELL;;31
2021;080207;OCCU_DW_EL_C_250_750;DWELL;;136
2021;080207;REGU_DW_EL_C_MORE_750;DWELL;;2615
2021;080207;TOTAL;DWELL;;2935
2021;170139;EMPT_DW_EL_C_MIN;DWELL;;1509
2021;170139;LWU_DW_EL_C_UND_250;DWELL;;159
2021;170139;OCCU_DW_EL_C_250_750;DWELL;;648
2021;170139;REGU_DW_EL_C_MORE_750;DWELL;;3304
2021;170139;TOTAL;DWELL;;5620
2021;250479;EMPT_DW_EL_C_MIN;DWELL;;128
2021;250479;LWU_DW_EL_C_UND_250;DWELL;;17
2021;250479;OCCU_DW_EL_C_250_750;DWELL;;59
2021;250479;REGU_DW_EL_C_MORE_750;DWELL;;503
2021;250479;TOTAL;DWELL;;707
2021;250485;EMPT_DW_EL_C_MIN;DWELL;;120
2021;250485;LWU_DW_EL_C_UND_250;DWELL;;20
2021;250485;OCCU_DW_EL_C_250_750;DWELL;;75
2021;250485;REGU_DW_EL_C_MORE_750;DWELL;;871
2021;250485;TOTAL;DWELL;;1086
2021;250501;EMPT_DW_EL_C_MIN;DWELL;;507
2021;250501;LWU_DW_EL_C_UND_250;DWELL;;68
2021;250501;OCCU_DW_EL_C_250_750;DWELL;;169
2021;250501;REGU_DW_EL_C_MORE_750;DWELL;;1897
2021;250501;TOTAL;DWELL;;2641
2021;430249;EMPT_DW_EL_C_MIN;DWELL;;130
2021;430249;LWU_DW_EL_C_UND_250;DWELL;;58
2021;430249;OCCU_DW_EL_C_250_750;DWELL;;152
2021;430249;REGU_DW_EL_C_MORE_750;DWELL;;1003
2021;430249;TOTAL;DWELL;;1343
2021;250518;EMPT_DW_EL_C_MIN;DWELL;;238
2021;250518;LWU_DW_EL_C_UND_250;DWELL;;135
2021;250518;OCCU_DW_EL_C_250_750;DWELL;;485
2021;250518;REGU_DW_EL_C_MORE_750;DWELL;;1646
2021;250518;TOTAL;DWELL;;2504
2021;250523;EMPT_DW_EL_C_MIN;DWELL;;278
2021;250523;LWU_DW_EL_C_UND_250;DWELL;;36
2021;250523;OCCU_DW_EL_C_250_750;DWELL;;91
2021;250523;REGU_DW_EL_C_MORE_750;DWELL;;839
2021;250523;TOTAL;DWELL;;1244
2021;250539;EMPT_DW_EL_C_MIN;DWELL;;54
2021;250539;LWU_DW_EL_C_UND_250;DWELL;;5
2021;250539;OCCU_DW_EL_C_250_750;DWELL;;31
2021;250539;REGU_DW_EL_C_MORE_750;DWELL;;543
2021;250539;TOTAL;DWELL;;633
2021;430265;EMPT_DW_EL_C_MIN;DWELL;;92
2021;430265;LWU_DW_EL_C_UND_250;DWELL;;49
2021;430265;OCCU_DW_EL_C_250_750;DWELL;;87
2021;430265;REGU_DW_EL_C_MORE_750;DWELL;;425
2021;430265;TOTAL;DWELL;;653
2021;080229;EMPT_DW_EL_C_MIN;DWELL;;755
2021;080229;LWU_DW_EL_C_UND_250;DWELL;;367
2021;080229;OCCU_DW_EL_C_250_750;DWELL;;911
2021;080229;REGU_DW_EL_C_MORE_750;DWELL;;6977
2021;080229;TOTAL;DWELL;;9010
2021;170195;EMPT_DW_EL_C_MIN;DWELL;;77
2021;170195;LWU_DW_EL_C_UND_250;DWELL;;28
2021;170195;OCCU_DW_EL_C_250_750;DWELL;;105
2021;170195;REGU_DW_EL_C_MORE_750;DWELL;;1011
2021;170195;TOTAL;DWELL;;1221
2021;170209;EMPT_DW_EL_C_MIN;DWELL;;152
2021;170209;LWU_DW_EL_C_UND_250;DWELL;;28
2021;170209;OCCU_DW_EL_C_250_750;DWELL;;105
2021;170209;REGU_DW_EL_C_MORE_750;DWELL;;1865
2021;170209;TOTAL;DWELL;;2150
2021;080235;EMPT_DW_EL_C_MIN;DWELL;;375
2021;080235;LWU_DW_EL_C_UND_250;DWELL;;55
2021;080235;OCCU_DW_EL_C_250_750;DWELL;;238
2021;080235;REGU_DW_EL_C_MORE_750;DWELL;;3749
2021;080235;TOTAL;DWELL;;4417
2021;170221;EMPT_DW_EL_C_MIN;DWELL;;346
2021;170221;LWU_DW_EL_C_UND_250;DWELL;;125
2021;170221;OCCU_DW_EL_C_250_750;DWELL;;371
2021;170221;REGU_DW_EL_C_MORE_750;DWELL;;4260
2021;170221;TOTAL;DWELL;;5102
2021;430287;EMPT_DW_EL_C_MIN;DWELL;;635
2021;430287;LWU_DW_EL_C_UND_250;DWELL;;88
2021;430287;OCCU_DW_EL_C_250_750;DWELL;;252
2021;430287;REGU_DW_EL_C_MORE_750;DWELL;;1978
2021;430287;TOTAL;DWELL;;2953
2021;170237;EMPT_DW_EL_C_MIN;DWELL;;2671
2021;170237;LWU_DW_EL_C_UND_250;DWELL;;1334
2021;170237;OCCU_DW_EL_C_250_750;DWELL;;3619
2021;170237;REGU_DW_EL_C_MORE_750;DWELL;;17965
2021;170237;TOTAL;DWELL;;25589
2021;170255;EMPT_DW_EL_C_MIN;DWELL;;70
2021;170255;LWU_DW_EL_C_UND_250;DWELL;;8
2021;170255;OCCU_DW_EL_C_250_750;DWELL;;30
2021;170255;REGU_DW_EL_C_MORE_750;DWELL;;634
2021;170255;TOTAL;DWELL;;742
2021;250582;EMPT_DW_EL_C_MIN;DWELL;;413
2021;250582;LWU_DW_EL_C_UND_250;DWELL;;76
2021;250582;OCCU_DW_EL_C_250_750;DWELL;;252
2021;250582;REGU_DW_EL_C_MORE_750;DWELL;;2546
2021;250582;TOTAL;DWELL;;3287
2021;430311;EMPT_DW_EL_C_MIN;DWELL;;127
2021;430311;LWU_DW_EL_C_UND_250;DWELL;;46
2021;430311;OCCU_DW_EL_C_250_750;DWELL;;107
2021;430311;REGU_DW_EL_C_MORE_750;DWELL;;838
2021;430311;TOTAL;DWELL;;1118
2021;250595;EMPT_DW_EL_C_MIN;DWELL;;74
2021;250595;LWU_DW_EL_C_UND_250;DWELL;;48
2021;250595;OCCU_DW_EL_C_250_750;DWELL;;124
2021;250595;REGU_DW_EL_C_MORE_750;DWELL;;520
2021;250595;TOTAL;DWELL;;766
2021;430332;EMPT_DW_EL_C_MIN;DWELL;;42
2021;430332;LWU_DW_EL_C_UND_250;DWELL;;14
2021;430332;OCCU_DW_EL_C_250_750;DWELL;;64
2021;430332;REGU_DW_EL_C_MORE_750;DWELL;;470
2021;430332;TOTAL;DWELL;;590
2021;170274;EMPT_DW_EL_C_MIN;DWELL;;94
2021;170274;LWU_DW_EL_C_UND_250;DWELL;;48
2021;170274;OCCU_DW_EL_C_250_750;DWELL;;136
2021;170274;REGU_DW_EL_C_MORE_750;DWELL;;1549
2021;170274;TOTAL;DWELL;;1827
2021;080253;EMPT_DW_EL_C_MIN;DWELL;;91
2021;080253;LWU_DW_EL_C_UND_250;DWELL;;31
2021;080253;OCCU_DW_EL_C_250_750;DWELL;;100
2021;080253;REGU_DW_EL_C_MORE_750;DWELL;;984
2021;080253;TOTAL;DWELL;;1206
2021;080272;EMPT_DW_EL_C_MIN;DWELL;;24
2021;080272;LWU_DW_EL_C_UND_250;DWELL;;0
2021;080272;OCCU_DW_EL_C_250_750;DWELL;;12
2021;080272;REGU_DW_EL_C_MORE_750;DWELL;;339
2021;080272;TOTAL;DWELL;;375
2021;430363;EMPT_DW_EL_C_MIN;DWELL;;198
2021;430363;LWU_DW_EL_C_UND_250;DWELL;;42
2021;430363;OCCU_DW_EL_C_250_750;DWELL;;130
2021;430363;REGU_DW_EL_C_MORE_750;DWELL;;596
2021;430363;TOTAL;DWELL;;966
2021;080288;EMPT_DW_EL_C_MIN;DWELL;;211
2021;080288;LWU_DW_EL_C_UND_250;DWELL;;34
2021;080288;OCCU_DW_EL_C_250_750;DWELL;;103
2021;080288;REGU_DW_EL_C_MORE_750;DWELL;;812
2021;080288;TOTAL;DWELL;;1160
2021;080291;EMPT_DW_EL_C_MIN;DWELL;;277
2021;080291;LWU_DW_EL_C_UND_250;DWELL;;36
2021;080291;OCCU_DW_EL_C_250_750;DWELL;;154
2021;080291;REGU_DW_EL_C_MORE_750;DWELL;;1809
2021;080291;TOTAL;DWELL;;2276
2021;080305;EMPT_DW_EL_C_MIN;DWELL;;620
2021;080305;LWU_DW_EL_C_UND_250;DWELL;;22
2021;080305;OCCU_DW_EL_C_250_750;DWELL;;127
2021;080305;REGU_DW_EL_C_MORE_750;DWELL;;2701
2021;080305;TOTAL;DWELL;;3470
2021;170329;EMPT_DW_EL_C_MIN;DWELL;;819
2021;170329;LWU_DW_EL_C_UND_250;DWELL;;134
2021;170329;OCCU_DW_EL_C_250_750;DWELL;;422
2021;170329;REGU_DW_EL_C_MORE_750;DWELL;;2223
2021;170329;TOTAL;DWELL;;3598
2021;080312;EMPT_DW_EL_C_MIN;DWELL;;258
2021;080312;LWU_DW_EL_C_UND_250;DWELL;;54
2021;080312;OCCU_DW_EL_C_250_750;DWELL;;148
2021;080312;REGU_DW_EL_C_MORE_750;DWELL;;1447
2021;080312;TOTAL;DWELL;;1907
2021;430379;EMPT_DW_EL_C_MIN;DWELL;;3311
2021;430379;LWU_DW_EL_C_UND_250;DWELL;;1681
2021;430379;OCCU_DW_EL_C_250_750;DWELL;;5570
2021;430379;REGU_DW_EL_C_MORE_750;DWELL;;16550
2021;430379;TOTAL;DWELL;;27112
2021;080348;EMPT_DW_EL_C_MIN;DWELL;;43
2021;080348;LWU_DW_EL_C_UND_250;DWELL;;23
2021;080348;OCCU_DW_EL_C_250_750;DWELL;;47
2021;080348;REGU_DW_EL_C_MORE_750;DWELL;;470
2021;080348;TOTAL;DWELL;;583
2021;080327;EMPT_DW_EL_C_MIN;DWELL;;195
2021;080327;LWU_DW_EL_C_UND_250;DWELL;;63
2021;080327;OCCU_DW_EL_C_250_750;DWELL;;245
2021;080327;REGU_DW_EL_C_MORE_750;DWELL;;1376
2021;080327;TOTAL;DWELL;;1879
2021;170335;EMPT_DW_EL_C_MIN;DWELL;;502
2021;170335;LWU_DW_EL_C_UND_250;DWELL;;55
2021;170335;OCCU_DW_EL_C_250_750;DWELL;;256
2021;170335;REGU_DW_EL_C_MORE_750;DWELL;;3362
2021;170335;TOTAL;DWELL;;4175
2021;080333;EMPT_DW_EL_C_MIN;DWELL;;320
2021;080333;LWU_DW_EL_C_UND_250;DWELL;;105
2021;080333;OCCU_DW_EL_C_250_750;DWELL;;343
2021;080333;REGU_DW_EL_C_MORE_750;DWELL;;6940
2021;080333;TOTAL;DWELL;;7708
2021;080351;EMPT_DW_EL_C_MIN;DWELL;;828
2021;080351;LWU_DW_EL_C_UND_250;DWELL;;388
2021;080351;OCCU_DW_EL_C_250_750;DWELL;;1301
2021;080351;REGU_DW_EL_C_MORE_750;DWELL;;8140
2021;080351;TOTAL;DWELL;;10657
2021;080370;EMPT_DW_EL_C_MIN;DWELL;;47
2021;080370;LWU_DW_EL_C_UND_250;DWELL;;21
2021;080370;OCCU_DW_EL_C_250_750;DWELL;;45
2021;080370;REGU_DW_EL_C_MORE_750;DWELL;;912
2021;080370;TOTAL;DWELL;;1025
2021;080386;EMPT_DW_EL_C_MIN;DWELL;;80
2021;080386;LWU_DW_EL_C_UND_250;DWELL;;30
2021;080386;OCCU_DW_EL_C_250_750;DWELL;;75
2021;080386;REGU_DW_EL_C_MORE_750;DWELL;;826
2021;080386;TOTAL;DWELL;;1011
2021;170340;EMPT_DW_EL_C_MIN;DWELL;;2825
2021;170340;LWU_DW_EL_C_UND_250;DWELL;;734
2021;170340;OCCU_DW_EL_C_250_750;DWELL;;2766
2021;170340;REGU_DW_EL_C_MORE_750;DWELL;;7787
2021;170340;TOTAL;DWELL;;14112
2021;439039;EMPT_DW_EL_C_MIN;DWELL;;315
2021;439039;LWU_DW_EL_C_UND_250;DWELL;;70
2021;439039;OCCU_DW_EL_C_250_750;DWELL;;205
2021;439039;REGU_DW_EL_C_MORE_750;DWELL;;1437
2021;439039;TOTAL;DWELL;;2027
2021;430385;EMPT_DW_EL_C_MIN;DWELL;;5178
2021;430385;LWU_DW_EL_C_UND_250;DWELL;;2329
2021;430385;OCCU_DW_EL_C_250_750;DWELL;;6043
2021;430385;REGU_DW_EL_C_MORE_750;DWELL;;18183
2021;430385;TOTAL;DWELL;;31733
2021;170366;EMPT_DW_EL_C_MIN;DWELL;;147
2021;170366;LWU_DW_EL_C_UND_250;DWELL;;48
2021;170366;OCCU_DW_EL_C_250_750;DWELL;;154
2021;170366;REGU_DW_EL_C_MORE_750;DWELL;;1283
2021;170366;TOTAL;DWELL;;1632
2021;170391;EMPT_DW_EL_C_MIN;DWELL;;280
2021;170391;LWU_DW_EL_C_UND_250;DWELL;;249
2021;170391;OCCU_DW_EL_C_250_750;DWELL;;674
2021;170391;REGU_DW_EL_C_MORE_750;DWELL;;1510
2021;170391;TOTAL;DWELL;;2713
2021;080403;EMPT_DW_EL_C_MIN;DWELL;;581
2021;080403;LWU_DW_EL_C_UND_250;DWELL;;267
2021;080403;OCCU_DW_EL_C_250_750;DWELL;;780
2021;080403;REGU_DW_EL_C_MORE_750;DWELL;;5940
2021;080403;TOTAL;DWELL;;7568
2021;439076;EMPT_DW_EL_C_MIN;DWELL;;405
2021;439076;LWU_DW_EL_C_UND_250;DWELL;;58
2021;439076;OCCU_DW_EL_C_250_750;DWELL;;133
2021;439076;REGU_DW_EL_C_MORE_750;DWELL;;2077
2021;439076;TOTAL;DWELL;;2673
2021;080410;EMPT_DW_EL_C_MIN;DWELL;;565
2021;080410;LWU_DW_EL_C_UND_250;DWELL;;90
2021;080410;OCCU_DW_EL_C_250_750;DWELL;;311
2021;080410;REGU_DW_EL_C_MORE_750;DWELL;;5217
2021;080410;TOTAL;DWELL;;6183
2021;080425;EMPT_DW_EL_C_MIN;DWELL;;144
2021;080425;LWU_DW_EL_C_UND_250;DWELL;;19
2021;080425;OCCU_DW_EL_C_250_750;DWELL;;90
2021;080425;REGU_DW_EL_C_MORE_750;DWELL;;1209
2021;080425;TOTAL;DWELL;;1462
2021;080431;EMPT_DW_EL_C_MIN;DWELL;;486
2021;080431;LWU_DW_EL_C_UND_250;DWELL;;44
2021;080431;OCCU_DW_EL_C_250_750;DWELL;;201
2021;080431;REGU_DW_EL_C_MORE_750;DWELL;;2088
2021;080431;TOTAL;DWELL;;2819
2021;080446;EMPT_DW_EL_C_MIN;DWELL;;325
2021;080446;LWU_DW_EL_C_UND_250;DWELL;;73
2021;080446;OCCU_DW_EL_C_250_750;DWELL;;184
2021;080446;REGU_DW_EL_C_MORE_750;DWELL;;2191
2021;080446;TOTAL;DWELL;;2773
2021;080462;EMPT_DW_EL_C_MIN;DWELL;;378
2021;080462;LWU_DW_EL_C_UND_250;DWELL;;104
2021;080462;OCCU_DW_EL_C_250_750;DWELL;;340
2021;080462;REGU_DW_EL_C_MORE_750;DWELL;;6832
2021;080462;TOTAL;DWELL;;7654
2021;080478;EMPT_DW_EL_C_MIN;DWELL;;650
2021;080478;LWU_DW_EL_C_UND_250;DWELL;;76
2021;080478;OCCU_DW_EL_C_250_750;DWELL;;213
2021;080478;REGU_DW_EL_C_MORE_750;DWELL;;1969
2021;080478;TOTAL;DWELL;;2908
2021;170448;EMPT_DW_EL_C_MIN;DWELL;;437
2021;170448;LWU_DW_EL_C_UND_250;DWELL;;109
2021;170448;OCCU_DW_EL_C_250_750;DWELL;;316
2021;170448;REGU_DW_EL_C_MORE_750;DWELL;;3847
2021;170448;TOTAL;DWELL;;4709
2021;080497;EMPT_DW_EL_C_MIN;DWELL;;179
2021;080497;LWU_DW_EL_C_UND_250;DWELL;;31
2021;080497;OCCU_DW_EL_C_250_750;DWELL;;90
2021;080497;REGU_DW_EL_C_MORE_750;DWELL;;696
2021;080497;TOTAL;DWELL;;996
2021;170486;EMPT_DW_EL_C_MIN;DWELL;;3155
2021;170486;LWU_DW_EL_C_UND_250;DWELL;;1055
2021;170486;OCCU_DW_EL_C_250_750;DWELL;;3518
2021;170486;REGU_DW_EL_C_MORE_750;DWELL;;7984
2021;170486;TOTAL;DWELL;;15712
2021;080517;EMPT_DW_EL_C_MIN;DWELL;;340
2021;080517;LWU_DW_EL_C_UND_250;DWELL;;132
2021;080517;OCCU_DW_EL_C_250_750;DWELL;;453
2021;080517;REGU_DW_EL_C_MORE_750;DWELL;;9127
2021;080517;TOTAL;DWELL;;10052
2021;080538;EMPT_DW_EL_C_MIN;DWELL;;371
2021;080538;LWU_DW_EL_C_UND_250;DWELL;;46
2021;080538;OCCU_DW_EL_C_250_750;DWELL;;157
2021;080538;REGU_DW_EL_C_MORE_750;DWELL;;1547
2021;080538;TOTAL;DWELL;;2121
2021;080543;EMPT_DW_EL_C_MIN;DWELL;;273
2021;080543;LWU_DW_EL_C_UND_250;DWELL;;72
2021;080543;OCCU_DW_EL_C_250_750;DWELL;;254
2021;080543;REGU_DW_EL_C_MORE_750;DWELL;;4522
2021;080543;TOTAL;DWELL;;5121
2021;080569;EMPT_DW_EL_C_MIN;DWELL;;2120
2021;080569;LWU_DW_EL_C_UND_250;DWELL;;399
2021;080569;OCCU_DW_EL_C_250_750;DWELL;;1592
2021;080569;REGU_DW_EL_C_MORE_750;DWELL;;24597
2021;080569;TOTAL;DWELL;;28708
2021;080581;EMPT_DW_EL_C_MIN;DWELL;;306
2021;080581;LWU_DW_EL_C_UND_250;DWELL;;37
2021;080581;OCCU_DW_EL_C_250_750;DWELL;;154
2021;080581;REGU_DW_EL_C_MORE_750;DWELL;;1196
2021;080581;TOTAL;DWELL;;1693
2021;080615;EMPT_DW_EL_C_MIN;DWELL;;188
2021;080615;LWU_DW_EL_C_UND_250;DWELL;;21
2021;080615;OCCU_DW_EL_C_250_750;DWELL;;82
2021;080615;REGU_DW_EL_C_MORE_750;DWELL;;848
2021;080615;TOTAL;DWELL;;1139
2021;080620;EMPT_DW_EL_C_MIN;DWELL;;98
2021;080620;LWU_DW_EL_C_UND_250;DWELL;;11
2021;080620;OCCU_DW_EL_C_250_750;DWELL;;40
2021;080620;REGU_DW_EL_C_MORE_750;DWELL;;533
2021;080620;TOTAL;DWELL;;682
2021;170470;EMPT_DW_EL_C_MIN;DWELL;;5204
2021;170470;LWU_DW_EL_C_UND_250;DWELL;;1238
2021;170470;OCCU_DW_EL_C_250_750;DWELL;;2500
2021;170470;REGU_DW_EL_C_MORE_750;DWELL;;7421
2021;170470;TOTAL;DWELL;;16363
2021;080641;EMPT_DW_EL_C_MIN;DWELL;;146
2021;080641;LWU_DW_EL_C_UND_250;DWELL;;73
2021;080641;OCCU_DW_EL_C_250_750;DWELL;;218
2021;080641;REGU_DW_EL_C_MORE_750;DWELL;;1170
2021;080641;TOTAL;DWELL;;1607
2021;430424;EMPT_DW_EL_C_MIN;DWELL;;177
2021;430424;LWU_DW_EL_C_UND_250;DWELL;;12
2021;430424;OCCU_DW_EL_C_250_750;DWELL;;53
2021;430424;REGU_DW_EL_C_MORE_750;DWELL;;961
2021;430424;TOTAL;DWELL;;1203
2021;080654;EMPT_DW_EL_C_MIN;DWELL;;201
2021;080654;LWU_DW_EL_C_UND_250;DWELL;;5
2021;080654;OCCU_DW_EL_C_250_750;DWELL;;40
2021;080654;REGU_DW_EL_C_MORE_750;DWELL;;580
2021;080654;TOTAL;DWELL;;826
2021;080667;EMPT_DW_EL_C_MIN;DWELL;;143
2021;080667;LWU_DW_EL_C_UND_250;DWELL;;8
2021;080667;OCCU_DW_EL_C_250_750;DWELL;;42
2021;080667;REGU_DW_EL_C_MORE_750;DWELL;;684
2021;080667;TOTAL;DWELL;;877
2021;430430;EMPT_DW_EL_C_MIN;DWELL;;330
2021;430430;LWU_DW_EL_C_UND_250;DWELL;;53
2021;430430;OCCU_DW_EL_C_250_750;DWELL;;198
2021;430430;REGU_DW_EL_C_MORE_750;DWELL;;2144
2021;430430;TOTAL;DWELL;;2725
2021;171899;EMPT_DW_EL_C_MIN;DWELL;;114
2021;171899;LWU_DW_EL_C_UND_250;DWELL;;18
2021;171899;OCCU_DW_EL_C_250_750;DWELL;;61
2021;171899;REGU_DW_EL_C_MORE_750;DWELL;;747
2021;171899;TOTAL;DWELL;;940
2021;170499;EMPT_DW_EL_C_MIN;DWELL;;122
2021;170499;LWU_DW_EL_C_UND_250;DWELL;;39
2021;170499;OCCU_DW_EL_C_250_750;DWELL;;112
2021;170499;REGU_DW_EL_C_MORE_750;DWELL;;1888
2021;170499;TOTAL;DWELL;;2161
2021;080673;EMPT_DW_EL_C_MIN;DWELL;;184
2021;080673;LWU_DW_EL_C_UND_250;DWELL;;105
2021;080673;OCCU_DW_EL_C_250_750;DWELL;;216
2021;080673;REGU_DW_EL_C_MORE_750;DWELL;;3196
2021;080673;TOTAL;DWELL;;3701
2021;082687;EMPT_DW_EL_C_MIN;DWELL;;272
2021;082687;LWU_DW_EL_C_UND_250;DWELL;;69
2021;082687;OCCU_DW_EL_C_250_750;DWELL;;188
2021;082687;REGU_DW_EL_C_MORE_750;DWELL;;566
2021;082687;TOTAL;DWELL;;1095
2021;082665;EMPT_DW_EL_C_MIN;DWELL;;701
2021;082665;LWU_DW_EL_C_UND_250;DWELL;;266
2021;082665;OCCU_DW_EL_C_250_750;DWELL;;1105
2021;082665;REGU_DW_EL_C_MORE_750;DWELL;;21786
2021;082665;TOTAL;DWELL;;23858
2021;080689;EMPT_DW_EL_C_MIN;DWELL;;255
2021;080689;LWU_DW_EL_C_UND_250;DWELL;;43
2021;080689;OCCU_DW_EL_C_250_750;DWELL;;179
2021;080689;REGU_DW_EL_C_MORE_750;DWELL;;3571
2021;080689;TOTAL;DWELL;;4048
2021;250729;EMPT_DW_EL_C_MIN;DWELL;;524
2021;250729;LWU_DW_EL_C_UND_250;DWELL;;147
2021;250729;OCCU_DW_EL_C_250_750;DWELL;;374
2021;250729;REGU_DW_EL_C_MORE_750;DWELL;;3624
2021;250729;TOTAL;DWELL;;4669
2021;080692;EMPT_DW_EL_C_MIN;DWELL;;125
2021;080692;LWU_DW_EL_C_UND_250;DWELL;;23
2021;080692;OCCU_DW_EL_C_250_750;DWELL;;96
2021;080692;REGU_DW_EL_C_MORE_750;DWELL;;1727
2021;080692;TOTAL;DWELL;;1971
2021;430477;EMPT_DW_EL_C_MIN;DWELL;;612
2021;430477;LWU_DW_EL_C_UND_250;DWELL;;75
2021;430477;OCCU_DW_EL_C_250_750;DWELL;;233
2021;430477;REGU_DW_EL_C_MORE_750;DWELL;;2312
2021;430477;TOTAL;DWELL;;3232
2021;080728;EMPT_DW_EL_C_MIN;DWELL;;543
2021;080728;LWU_DW_EL_C_UND_250;DWELL;;98
2021;080728;OCCU_DW_EL_C_250_750;DWELL;;388
2021;080728;REGU_DW_EL_C_MORE_750;DWELL;;5755
2021;080728;TOTAL;DWELL;;6784
2021;250788;EMPT_DW_EL_C_MIN;DWELL;;125
2021;250788;LWU_DW_EL_C_UND_250;DWELL;;9
2021;250788;OCCU_DW_EL_C_250_750;DWELL;;31
2021;250788;REGU_DW_EL_C_MORE_750;DWELL;;490
2021;250788;TOTAL;DWELL;;655
2021;170577;EMPT_DW_EL_C_MIN;DWELL;;153
2021;170577;LWU_DW_EL_C_UND_250;DWELL;;15
2021;170577;OCCU_DW_EL_C_250_750;DWELL;;41
2021;170577;REGU_DW_EL_C_MORE_750;DWELL;;500
2021;170577;TOTAL;DWELL;;709
2021;080734;EMPT_DW_EL_C_MIN;DWELL;;1747
2021;080734;LWU_DW_EL_C_UND_250;DWELL;;707
2021;080734;OCCU_DW_EL_C_250_750;DWELL;;2438
2021;080734;REGU_DW_EL_C_MORE_750;DWELL;;32142
2021;080734;TOTAL;DWELL;;37034
2021;170561;EMPT_DW_EL_C_MIN;DWELL;;125
2021;170561;LWU_DW_EL_C_UND_250;DWELL;;15
2021;170561;OCCU_DW_EL_C_250_750;DWELL;;40
2021;170561;REGU_DW_EL_C_MORE_750;DWELL;;867
2021;170561;TOTAL;DWELL;;1047
2021;430509;EMPT_DW_EL_C_MIN;DWELL;;502
2021;430509;LWU_DW_EL_C_UND_250;DWELL;;191
2021;430509;OCCU_DW_EL_C_250_750;DWELL;;735
2021;430509;REGU_DW_EL_C_MORE_750;DWELL;;2621
2021;430509;TOTAL;DWELL;;4049
2021;179011;EMPT_DW_EL_C_MIN;DWELL;;172
2021;179011;LWU_DW_EL_C_UND_250;DWELL;;15
2021;179011;OCCU_DW_EL_C_250_750;DWELL;;57
2021;179011;REGU_DW_EL_C_MORE_750;DWELL;;538
2021;179011;TOTAL;DWELL;;782
2021;080749;EMPT_DW_EL_C_MIN;DWELL;;877
2021;080749;LWU_DW_EL_C_UND_250;DWELL;;347
2021;080749;OCCU_DW_EL_C_250_750;DWELL;;1424
2021;080749;REGU_DW_EL_C_MORE_750;DWELL;;8211
2021;080749;TOTAL;DWELL;;10859
2021;430516;EMPT_DW_EL_C_MIN;DWELL;;1323
2021;430516;LWU_DW_EL_C_UND_250;DWELL;;790
2021;430516;OCCU_DW_EL_C_250_750;DWELL;;2775
2021;430516;REGU_DW_EL_C_MORE_750;DWELL;;8139
2021;430516;TOTAL;DWELL;;13027
2021;439018;EMPT_DW_EL_C_MIN;DWELL;;1358
2021;439018;LWU_DW_EL_C_UND_250;DWELL;;160
2021;439018;OCCU_DW_EL_C_250_750;DWELL;;644
2021;439018;REGU_DW_EL_C_MORE_750;DWELL;;5091
2021;439018;TOTAL;DWELL;;7253
2021;080752;EMPT_DW_EL_C_MIN;DWELL;;306
2021;080752;LWU_DW_EL_C_UND_250;DWELL;;43
2021;080752;OCCU_DW_EL_C_250_750;DWELL;;153
2021;080752;REGU_DW_EL_C_MORE_750;DWELL;;2220
2021;080752;TOTAL;DWELL;;2722
2021;170622;EMPT_DW_EL_C_MIN;DWELL;;2907
2021;170622;LWU_DW_EL_C_UND_250;DWELL;;1268
2021;170622;OCCU_DW_EL_C_250_750;DWELL;;3261
2021;170622;REGU_DW_EL_C_MORE_750;DWELL;;7710
2021;170622;TOTAL;DWELL;;15146
2021;080765;EMPT_DW_EL_C_MIN;DWELL;;505
2021;080765;LWU_DW_EL_C_UND_250;DWELL;;191
2021;080765;OCCU_DW_EL_C_250_750;DWELL;;544
2021;080765;REGU_DW_EL_C_MORE_750;DWELL;;8584
2021;080765;TOTAL;DWELL;;9824
2021;430542;EMPT_DW_EL_C_MIN;DWELL;;551
2021;430542;LWU_DW_EL_C_UND_250;DWELL;;85
2021;430542;OCCU_DW_EL_C_250_750;DWELL;;190
2021;430542;REGU_DW_EL_C_MORE_750;DWELL;;1538
2021;430542;TOTAL;DWELL;;2364
2021;080771;EMPT_DW_EL_C_MIN;DWELL;;1170
2021;080771;LWU_DW_EL_C_UND_250;DWELL;;319
2021;080771;OCCU_DW_EL_C_250_750;DWELL;;1185
2021;080771;REGU_DW_EL_C_MORE_750;DWELL;;16746
2021;080771;TOTAL;DWELL;;19420
2021;082541;EMPT_DW_EL_C_MIN;DWELL;;129
2021;082541;LWU_DW_EL_C_UND_250;DWELL;;33
2021;082541;OCCU_DW_EL_C_250_750;DWELL;;108
2021;082541;REGU_DW_EL_C_MORE_750;DWELL;;950
2021;082541;TOTAL;DWELL;;1220
2021;430555;EMPT_DW_EL_C_MIN;DWELL;;301
2021;430555;LWU_DW_EL_C_UND_250;DWELL;;74
2021;430555;OCCU_DW_EL_C_250_750;DWELL;;191
2021;430555;REGU_DW_EL_C_MORE_750;DWELL;;1146
2021;430555;TOTAL;DWELL;;1712
2021;081347;EMPT_DW_EL_C_MIN;DWELL;;102
2021;081347;LWU_DW_EL_C_UND_250;DWELL;;7
2021;081347;OCCU_DW_EL_C_250_750;DWELL;;42
2021;081347;REGU_DW_EL_C_MORE_750;DWELL;;445
2021;081347;TOTAL;DWELL;;596
2021;170669;EMPT_DW_EL_C_MIN;DWELL;;1281
2021;170669;LWU_DW_EL_C_UND_250;DWELL;;561
2021;170669;OCCU_DW_EL_C_250_750;DWELL;;1536
2021;170669;REGU_DW_EL_C_MORE_750;DWELL;;17684
2021;170669;TOTAL;DWELL;;21062
2021;170675;EMPT_DW_EL_C_MIN;DWELL;;76
2021;170675;LWU_DW_EL_C_UND_250;DWELL;;15
2021;170675;OCCU_DW_EL_C_250_750;DWELL;;23
2021;170675;REGU_DW_EL_C_MORE_750;DWELL;;418
2021;170675;TOTAL;DWELL;;532
2021;430607;EMPT_DW_EL_C_MIN;DWELL;;897
2021;430607;LWU_DW_EL_C_UND_250;DWELL;;42
2021;430607;OCCU_DW_EL_C_250_750;DWELL;;160
2021;430607;REGU_DW_EL_C_MORE_750;DWELL;;1390
2021;430607;TOTAL;DWELL;;2489
2021;080826;EMPT_DW_EL_C_MIN;DWELL;;36
2021;080826;LWU_DW_EL_C_UND_250;DWELL;;22
2021;080826;OCCU_DW_EL_C_250_750;DWELL;;101
2021;080826;REGU_DW_EL_C_MORE_750;DWELL;;785
2021;080826;TOTAL;DWELL;;944
2021;080832;EMPT_DW_EL_C_MIN;DWELL;;118
2021;080832;LWU_DW_EL_C_UND_250;DWELL;;15
2021;080832;OCCU_DW_EL_C_250_750;DWELL;;48
2021;080832;REGU_DW_EL_C_MORE_750;DWELL;;760
2021;080832;TOTAL;DWELL;;941
2021;080847;EMPT_DW_EL_C_MIN;DWELL;;165
2021;080847;LWU_DW_EL_C_UND_250;DWELL;;7
2021;080847;OCCU_DW_EL_C_250_750;DWELL;;56
2021;080847;REGU_DW_EL_C_MORE_750;DWELL;;574
2021;080847;TOTAL;DWELL;;802
2021;170715;EMPT_DW_EL_C_MIN;DWELL;;45
2021;170715;LWU_DW_EL_C_UND_250;DWELL;;4
2021;170715;OCCU_DW_EL_C_250_750;DWELL;;22
2021;170715;REGU_DW_EL_C_MORE_750;DWELL;;494
2021;170715;TOTAL;DWELL;;565
2021;080850;EMPT_DW_EL_C_MIN;DWELL;;183
2021;080850;LWU_DW_EL_C_UND_250;DWELL;;20
2021;080850;OCCU_DW_EL_C_250_750;DWELL;;48
2021;080850;REGU_DW_EL_C_MORE_750;DWELL;;537
2021;080850;TOTAL;DWELL;;788
2021;179026;EMPT_DW_EL_C_MIN;DWELL;;172
2021;179026;LWU_DW_EL_C_UND_250;DWELL;;23
2021;179026;OCCU_DW_EL_C_250_750;DWELL;;93
2021;179026;REGU_DW_EL_C_MORE_750;DWELL;;764
2021;179026;TOTAL;DWELL;;1052
2021;170736;EMPT_DW_EL_C_MIN;DWELL;;60
2021;170736;LWU_DW_EL_C_UND_250;DWELL;;9
2021;170736;OCCU_DW_EL_C_250_750;DWELL;;39
2021;170736;REGU_DW_EL_C_MORE_750;DWELL;;874
2021;170736;TOTAL;DWELL;;982
2021;080863;EMPT_DW_EL_C_MIN;DWELL;;344
2021;080863;LWU_DW_EL_C_UND_250;DWELL;;149
2021;080863;OCCU_DW_EL_C_250_750;DWELL;;394
2021;080863;REGU_DW_EL_C_MORE_750;DWELL;;7098
2021;080863;TOTAL;DWELL;;7985
2021;250962;EMPT_DW_EL_C_MIN;DWELL;;108
2021;250962;LWU_DW_EL_C_UND_250;DWELL;;14
2021;250962;OCCU_DW_EL_C_250_750;DWELL;;41
2021;250962;REGU_DW_EL_C_MORE_750;DWELL;;439
2021;250962;TOTAL;DWELL;;602
2021;430640;EMPT_DW_EL_C_MIN;DWELL;;207
2021;430640;LWU_DW_EL_C_UND_250;DWELL;;53
2021;430640;OCCU_DW_EL_C_250_750;DWELL;;120
2021;430640;REGU_DW_EL_C_MORE_750;DWELL;;1106
2021;430640;TOTAL;DWELL;;1486
2021;080885;EMPT_DW_EL_C_MIN;DWELL;;244
2021;080885;LWU_DW_EL_C_UND_250;DWELL;;106
2021;080885;OCCU_DW_EL_C_250_750;DWELL;;339
2021;080885;REGU_DW_EL_C_MORE_750;DWELL;;6449
2021;080885;TOTAL;DWELL;;7138
2021;080898;EMPT_DW_EL_C_MIN;DWELL;;1283
2021;080898;LWU_DW_EL_C_UND_250;DWELL;;317
2021;080898;OCCU_DW_EL_C_250_750;DWELL;;1046
2021;080898;REGU_DW_EL_C_MORE_750;DWELL;;17713
2021;080898;TOTAL;DWELL;;20359
2021;080919;EMPT_DW_EL_C_MIN;DWELL;;526
2021;080919;LWU_DW_EL_C_UND_250;DWELL;;62
2021;080919;OCCU_DW_EL_C_250_750;DWELL;;186
2021;080919;REGU_DW_EL_C_MORE_750;DWELL;;3089
2021;080919;TOTAL;DWELL;;3863
2021;259123;EMPT_DW_EL_C_MIN;DWELL;;72
2021;259123;LWU_DW_EL_C_UND_250;DWELL;;9
2021;259123;OCCU_DW_EL_C_250_750;DWELL;;31
2021;259123;REGU_DW_EL_C_MORE_750;DWELL;;402
2021;259123;TOTAL;DWELL;;514
2021;170792;EMPT_DW_EL_C_MIN;DWELL;;4825
2021;170792;LWU_DW_EL_C_UND_250;DWELL;;965
2021;170792;OCCU_DW_EL_C_250_750;DWELL;;3293
2021;170792;REGU_DW_EL_C_MORE_750;DWELL;;41250
2021;170792;TOTAL;DWELL;;50333
2021;080924;EMPT_DW_EL_C_MIN;DWELL;;275
2021;080924;LWU_DW_EL_C_UND_250;DWELL;;81
2021;080924;OCCU_DW_EL_C_250_750;DWELL;;224
2021;080924;REGU_DW_EL_C_MORE_750;DWELL;;2048
2021;080924;TOTAL;DWELL;;2628
2021;250997;EMPT_DW_EL_C_MIN;DWELL;;147
2021;250997;LWU_DW_EL_C_UND_250;DWELL;;27
2021;250997;OCCU_DW_EL_C_250_750;DWELL;;64
2021;250997;REGU_DW_EL_C_MORE_750;DWELL;;669
2021;250997;TOTAL;DWELL;;907
2021;080945;EMPT_DW_EL_C_MIN;DWELL;;161
2021;080945;LWU_DW_EL_C_UND_250;DWELL;;15
2021;080945;OCCU_DW_EL_C_250_750;DWELL;;50
2021;080945;REGU_DW_EL_C_MORE_750;DWELL;;787
2021;080945;TOTAL;DWELL;;1013
2021;080961;EMPT_DW_EL_C_MIN;DWELL;;1484
2021;080961;LWU_DW_EL_C_UND_250;DWELL;;414
2021;080961;OCCU_DW_EL_C_250_750;DWELL;;1300
2021;080961;REGU_DW_EL_C_MORE_750;DWELL;;23100
2021;080961;TOTAL;DWELL;;26298
2021;080977;EMPT_DW_EL_C_MIN;DWELL;;44
2021;080977;LWU_DW_EL_C_UND_250;DWELL;;14
2021;080977;OCCU_DW_EL_C_250_750;DWELL;;78
2021;080977;REGU_DW_EL_C_MORE_750;DWELL;;675
2021;080977;TOTAL;DWELL;;811
2021;251109;EMPT_DW_EL_C_MIN;DWELL;;276
2021;251109;LWU_DW_EL_C_UND_250;DWELL;;52
2021;251109;OCCU_DW_EL_C_250_750;DWELL;;162
2021;251109;REGU_DW_EL_C_MORE_750;DWELL;;2402
2021;251109;TOTAL;DWELL;;2892
2021;081000;EMPT_DW_EL_C_MIN;DWELL;;136
2021;081000;LWU_DW_EL_C_UND_250;DWELL;;7
2021;081000;OCCU_DW_EL_C_250_750;DWELL;;34
2021;081000;REGU_DW_EL_C_MORE_750;DWELL;;730
2021;081000;TOTAL;DWELL;;907
2021;430712;EMPT_DW_EL_C_MIN;DWELL;;288
2021;430712;LWU_DW_EL_C_UND_250;DWELL;;63
2021;430712;OCCU_DW_EL_C_250_750;DWELL;;127
2021;430712;REGU_DW_EL_C_MORE_750;DWELL;;506
2021;430712;TOTAL;DWELL;;984
2021;081017;EMPT_DW_EL_C_MIN;DWELL;;8197
2021;081017;LWU_DW_EL_C_UND_250;DWELL;;2514
2021;081017;OCCU_DW_EL_C_250_750;DWELL;;8681
2021;081017;REGU_DW_EL_C_MORE_750;DWELL;;91096
2021;081017;TOTAL;DWELL;;110488
2021;081629;EMPT_DW_EL_C_MIN;DWELL;;201
2021;081629;LWU_DW_EL_C_UND_250;DWELL;;41
2021;081629;OCCU_DW_EL_C_250_750;DWELL;;132
2021;081629;REGU_DW_EL_C_MORE_750;DWELL;;1295
2021;081629;TOTAL;DWELL;;1669
2021;170834;EMPT_DW_EL_C_MIN;DWELL;;152
2021;170834;LWU_DW_EL_C_UND_250;DWELL;;50
2021;170834;OCCU_DW_EL_C_250_750;DWELL;;143
2021;170834;REGU_DW_EL_C_MORE_750;DWELL;;1642
2021;170834;TOTAL;DWELL;;1987
2021;081022;EMPT_DW_EL_C_MIN;DWELL;;1211
2021;081022;LWU_DW_EL_C_UND_250;DWELL;;365
2021;081022;OCCU_DW_EL_C_250_750;DWELL;;1086
2021;081022;REGU_DW_EL_C_MORE_750;DWELL;;15595
2021;081022;TOTAL;DWELL;;18257
2021;251155;EMPT_DW_EL_C_MIN;DWELL;;403
2021;251155;LWU_DW_EL_C_UND_250;DWELL;;97
2021;251155;OCCU_DW_EL_C_250_750;DWELL;;138
2021;251155;REGU_DW_EL_C_MORE_750;DWELL;;534
2021;251155;TOTAL;DWELL;;1172
2021;251137;EMPT_DW_EL_C_MIN;DWELL;;162
2021;251137;LWU_DW_EL_C_UND_250;DWELL;;18
2021;251137;OCCU_DW_EL_C_250_750;DWELL;;58
2021;251137;REGU_DW_EL_C_MORE_750;DWELL;;566
2021;251137;TOTAL;DWELL;;804
2021;170865;EMPT_DW_EL_C_MIN;DWELL;;185
2021;170865;LWU_DW_EL_C_UND_250;DWELL;;51
2021;170865;OCCU_DW_EL_C_250_750;DWELL;;88
2021;170865;REGU_DW_EL_C_MORE_750;DWELL;;1145
2021;170865;TOTAL;DWELL;;1469
2021;251193;EMPT_DW_EL_C_MIN;DWELL;;421
2021;251193;LWU_DW_EL_C_UND_250;DWELL;;39
2021;251193;OCCU_DW_EL_C_250_750;DWELL;;118
2021;251193;REGU_DW_EL_C_MORE_750;DWELL;;1268
2021;251193;TOTAL;DWELL;;1846
2021;251229;EMPT_DW_EL_C_MIN;DWELL;;267
2021;251229;LWU_DW_EL_C_UND_250;DWELL;;33
2021;251229;OCCU_DW_EL_C_250_750;DWELL;;108
2021;251229;REGU_DW_EL_C_MORE_750;DWELL;;1044
2021;251229;TOTAL;DWELL;;1452
2021;081056;EMPT_DW_EL_C_MIN;DWELL;;171
2021;081056;LWU_DW_EL_C_UND_250;DWELL;;72
2021;081056;OCCU_DW_EL_C_250_750;DWELL;;287
2021;081056;REGU_DW_EL_C_MORE_750;DWELL;;4779
2021;081056;TOTAL;DWELL;;5309
2021;170890;EMPT_DW_EL_C_MIN;DWELL;;777
2021;170890;LWU_DW_EL_C_UND_250;DWELL;;85
2021;170890;OCCU_DW_EL_C_250_750;DWELL;;288
2021;170890;REGU_DW_EL_C_MORE_750;DWELL;;3331
2021;170890;TOTAL;DWELL;;4481
2021;170926;EMPT_DW_EL_C_MIN;DWELL;;2031
2021;170926;LWU_DW_EL_C_UND_250;DWELL;;686
2021;170926;OCCU_DW_EL_C_250_750;DWELL;;1841
2021;170926;REGU_DW_EL_C_MORE_750;DWELL;;3688
2021;170926;TOTAL;DWELL;;8246
2021;251207;EMPT_DW_EL_C_MIN;DWELL;;5330
2021;251207;LWU_DW_EL_C_UND_250;DWELL;;1629
2021;251207;OCCU_DW_EL_C_250_750;DWELL;;4781
2021;251207;REGU_DW_EL_C_MORE_750;DWELL;;56559
2021;251207;TOTAL;DWELL;;68299
2021;170932;EMPT_DW_EL_C_MIN;DWELL;;86
2021;170932;LWU_DW_EL_C_UND_250;DWELL;;4
2021;170932;OCCU_DW_EL_C_250_750;DWELL;;37
2021;170932;REGU_DW_EL_C_MORE_750;DWELL;;423
2021;170932;TOTAL;DWELL;;550
2021;081075;EMPT_DW_EL_C_MIN;DWELL;;344
2021;081075;LWU_DW_EL_C_UND_250;DWELL;;78
2021;081075;OCCU_DW_EL_C_250_750;DWELL;;366
2021;081075;REGU_DW_EL_C_MORE_750;DWELL;;5856
2021;081075;TOTAL;DWELL;;6644
2021;081081;EMPT_DW_EL_C_MIN;DWELL;;192
2021;081081;LWU_DW_EL_C_UND_250;DWELL;;32
2021;081081;OCCU_DW_EL_C_250_750;DWELL;;139
2021;081081;REGU_DW_EL_C_MORE_750;DWELL;;2317
2021;081081;TOTAL;DWELL;;2680
2021;081069;EMPT_DW_EL_C_MIN;DWELL;;191
2021;081069;LWU_DW_EL_C_UND_250;DWELL;;89
2021;081069;OCCU_DW_EL_C_250_750;DWELL;;233
2021;081069;REGU_DW_EL_C_MORE_750;DWELL;;3808
2021;081069;TOTAL;DWELL;;4321
2021;170947;EMPT_DW_EL_C_MIN;DWELL;;219
2021;170947;LWU_DW_EL_C_UND_250;DWELL;;205
2021;170947;OCCU_DW_EL_C_250_750;DWELL;;678
2021;170947;REGU_DW_EL_C_MORE_750;DWELL;;1278
2021;170947;TOTAL;DWELL;;2380
2021;430748;EMPT_DW_EL_C_MIN;DWELL;;111
2021;430748;LWU_DW_EL_C_UND_250;DWELL;;19
2021;430748;OCCU_DW_EL_C_250_750;DWELL;;73
2021;430748;REGU_DW_EL_C_MORE_750;DWELL;;908
2021;430748;TOTAL;DWELL;;1111
2021;170950;EMPT_DW_EL_C_MIN;DWELL;;3953
2021;170950;LWU_DW_EL_C_UND_250;DWELL;;1242
2021;170950;OCCU_DW_EL_C_250_750;DWELL;;3240
2021;170950;REGU_DW_EL_C_MORE_750;DWELL;;17061
2021;170950;TOTAL;DWELL;;25496
2021;171030;EMPT_DW_EL_C_MIN;DWELL;;446
2021;171030;LWU_DW_EL_C_UND_250;DWELL;;136
2021;171030;OCCU_DW_EL_C_250_750;DWELL;;483
2021;171030;REGU_DW_EL_C_MORE_750;DWELL;;3506
2021;171030;TOTAL;DWELL;;4571
2021;081108;EMPT_DW_EL_C_MIN;DWELL;;700
2021;081108;LWU_DW_EL_C_UND_250;DWELL;;491
2021;081108;OCCU_DW_EL_C_250_750;DWELL;;1221
2021;081108;REGU_DW_EL_C_MORE_750;DWELL;;7748
2021;081108;TOTAL;DWELL;;10160
2021;081120;EMPT_DW_EL_C_MIN;DWELL;;1332
2021;081120;LWU_DW_EL_C_UND_250;DWELL;;181
2021;081120;OCCU_DW_EL_C_250_750;DWELL;;422
2021;081120;REGU_DW_EL_C_MORE_750;DWELL;;6952
2021;081120;TOTAL;DWELL;;8887
2021;081136;EMPT_DW_EL_C_MIN;DWELL;;5517
2021;081136;LWU_DW_EL_C_UND_250;DWELL;;983
2021;081136;OCCU_DW_EL_C_250_750;DWELL;;2558
2021;081136;REGU_DW_EL_C_MORE_750;DWELL;;31078
2021;081136;TOTAL;DWELL;;40136
2021;081141;EMPT_DW_EL_C_MIN;DWELL;;477
2021;081141;LWU_DW_EL_C_UND_250;DWELL;;191
2021;081141;OCCU_DW_EL_C_250_750;DWELL;;527
2021;081141;REGU_DW_EL_C_MORE_750;DWELL;;9490
2021;081141;TOTAL;DWELL;;10685
2021;081154;EMPT_DW_EL_C_MIN;DWELL;;98
2021;081154;LWU_DW_EL_C_UND_250;DWELL;;40
2021;081154;OCCU_DW_EL_C_250_750;DWELL;;115
2021;081154;REGU_DW_EL_C_MORE_750;DWELL;;1804
2021;081154;TOTAL;DWELL;;2057
2021;430786;EMPT_DW_EL_C_MIN;DWELL;;97
2021;430786;LWU_DW_EL_C_UND_250;DWELL;;21
2021;430786;OCCU_DW_EL_C_250_750;DWELL;;100
2021;430786;REGU_DW_EL_C_MORE_750;DWELL;;534
2021;430786;TOTAL;DWELL;;752
2021;081173;EMPT_DW_EL_C_MIN;DWELL;;273
2021;081173;LWU_DW_EL_C_UND_250;DWELL;;23
2021;081173;OCCU_DW_EL_C_250_750;DWELL;;56
2021;081173;REGU_DW_EL_C_MORE_750;DWELL;;1046
2021;081173;TOTAL;DWELL;;1398
2021;081189;EMPT_DW_EL_C_MIN;DWELL;;536
2021;081189;LWU_DW_EL_C_UND_250;DWELL;;198
2021;081189;OCCU_DW_EL_C_250_750;DWELL;;582
2021;081189;REGU_DW_EL_C_MORE_750;DWELL;;9094
2021;081189;TOTAL;DWELL;;10410
2021;081192;EMPT_DW_EL_C_MIN;DWELL;;461
2021;081192;LWU_DW_EL_C_UND_250;DWELL;;78
2021;081192;OCCU_DW_EL_C_250_750;DWELL;;284
2021;081192;REGU_DW_EL_C_MORE_750;DWELL;;3629
2021;081192;TOTAL;DWELL;;4452
2021;081206;EMPT_DW_EL_C_MIN;DWELL;;232
2021;081206;LWU_DW_EL_C_UND_250;DWELL;;15
2021;081206;OCCU_DW_EL_C_250_750;DWELL;;118
2021;081206;REGU_DW_EL_C_MORE_750;DWELL;;3068
2021;081206;TOTAL;DWELL;;3433
2021;081213;EMPT_DW_EL_C_MIN;DWELL;;1901
2021;081213;LWU_DW_EL_C_UND_250;DWELL;;1097
2021;081213;OCCU_DW_EL_C_250_750;DWELL;;3135
2021;081213;REGU_DW_EL_C_MORE_750;DWELL;;46863
2021;081213;TOTAL;DWELL;;52996
2021;081228;EMPT_DW_EL_C_MIN;DWELL;;306
2021;081228;LWU_DW_EL_C_UND_250;DWELL;;81
2021;081228;OCCU_DW_EL_C_250_750;DWELL;;268
2021;081228;REGU_DW_EL_C_MORE_750;DWELL;;1262
2021;081228;TOTAL;DWELL;;1917
2021;251351;EMPT_DW_EL_C_MIN;DWELL;;84
2021;251351;LWU_DW_EL_C_UND_250;DWELL;;12
2021;251351;OCCU_DW_EL_C_250_750;DWELL;;62
2021;251351;REGU_DW_EL_C_MORE_750;DWELL;;492
2021;251351;TOTAL;DWELL;;650
2021;081385;EMPT_DW_EL_C_MIN;DWELL;;265
2021;081385;LWU_DW_EL_C_UND_250;DWELL;;90
2021;081385;OCCU_DW_EL_C_250_750;DWELL;;268
2021;081385;REGU_DW_EL_C_MORE_750;DWELL;;2684
2021;081385;TOTAL;DWELL;;3307
2021;081234;EMPT_DW_EL_C_MIN;DWELL;;599
2021;081234;LWU_DW_EL_C_UND_250;DWELL;;186
2021;081234;OCCU_DW_EL_C_250_750;DWELL;;535
2021;081234;REGU_DW_EL_C_MORE_750;DWELL;;10080
2021;081234;TOTAL;DWELL;;11400
2021;251370;EMPT_DW_EL_C_MIN;DWELL;;869
2021;251370;LWU_DW_EL_C_UND_250;DWELL;;140
2021;251370;OCCU_DW_EL_C_250_750;DWELL;;422
2021;251370;REGU_DW_EL_C_MORE_750;DWELL;;5553
2021;251370;TOTAL;DWELL;;6984
2021;081249;EMPT_DW_EL_C_MIN;DWELL;;902
2021;081249;LWU_DW_EL_C_UND_250;DWELL;;284
2021;081249;OCCU_DW_EL_C_250_750;DWELL;;1010
2021;081249;REGU_DW_EL_C_MORE_750;DWELL;;18661
2021;081249;TOTAL;DWELL;;20857
2021;081271;EMPT_DW_EL_C_MIN;DWELL;;228
2021;081271;LWU_DW_EL_C_UND_250;DWELL;;26
2021;081271;OCCU_DW_EL_C_250_750;DWELL;;103
2021;081271;REGU_DW_EL_C_MORE_750;DWELL;;1248
2021;081271;TOTAL;DWELL;;1605
2021;430862;EMPT_DW_EL_C_MIN;DWELL;;452
2021;430862;LWU_DW_EL_C_UND_250;DWELL;;132
2021;430862;OCCU_DW_EL_C_250_750;DWELL;;324
2021;430862;REGU_DW_EL_C_MORE_750;DWELL;;3049
2021;430862;TOTAL;DWELL;;3957
2021;430884;EMPT_DW_EL_C_MIN;DWELL;;208
2021;430884;LWU_DW_EL_C_UND_250;DWELL;;48
2021;430884;OCCU_DW_EL_C_250_750;DWELL;;146
2021;430884;REGU_DW_EL_C_MORE_750;DWELL;;1304
2021;430884;TOTAL;DWELL;;1706
2021;081252;EMPT_DW_EL_C_MIN;DWELL;;1275
2021;081252;LWU_DW_EL_C_UND_250;DWELL;;269
2021;081252;OCCU_DW_EL_C_250_750;DWELL;;905
2021;081252;REGU_DW_EL_C_MORE_750;DWELL;;12855
2021;081252;TOTAL;DWELL;;15304
2021;081311;EMPT_DW_EL_C_MIN;DWELL;;171
2021;081311;LWU_DW_EL_C_UND_250;DWELL;;26
2021;081311;OCCU_DW_EL_C_250_750;DWELL;;68
2021;081311;REGU_DW_EL_C_MORE_750;DWELL;;394
2021;081311;TOTAL;DWELL;;659
2021;251403;EMPT_DW_EL_C_MIN;DWELL;;289
2021;251403;LWU_DW_EL_C_UND_250;DWELL;;38
2021;251403;OCCU_DW_EL_C_250_750;DWELL;;100
2021;251403;REGU_DW_EL_C_MORE_750;DWELL;;508
2021;251403;TOTAL;DWELL;;935
2021;081265;EMPT_DW_EL_C_MIN;DWELL;;392
2021;081265;LWU_DW_EL_C_UND_250;DWELL;;71
2021;081265;OCCU_DW_EL_C_250_750;DWELL;;253
2021;081265;REGU_DW_EL_C_MORE_750;DWELL;;4560
2021;081265;TOTAL;DWELL;;5276
2021;430901;EMPT_DW_EL_C_MIN;DWELL;;485
2021;430901;LWU_DW_EL_C_UND_250;DWELL;;60
2021;430901;OCCU_DW_EL_C_250_750;DWELL;;179
2021;430901;REGU_DW_EL_C_MORE_750;DWELL;;1015
2021;430901;TOTAL;DWELL;;1739
2021;081350;EMPT_DW_EL_C_MIN;DWELL;;160
2021;081350;LWU_DW_EL_C_UND_250;DWELL;;50
2021;081350;OCCU_DW_EL_C_250_750;DWELL;;169
2021;081350;REGU_DW_EL_C_MORE_750;DWELL;;3170
2021;081350;TOTAL;DWELL;;3549
2021;081363;EMPT_DW_EL_C_MIN;DWELL;;397
2021;081363;LWU_DW_EL_C_UND_250;DWELL;;95
2021;081363;OCCU_DW_EL_C_250_750;DWELL;;368
2021;081363;REGU_DW_EL_C_MORE_750;DWELL;;5827
2021;081363;TOTAL;DWELL;;6687
2021;171100;EMPT_DW_EL_C_MIN;DWELL;;131
2021;171100;LWU_DW_EL_C_UND_250;DWELL;;9
2021;171100;OCCU_DW_EL_C_250_750;DWELL;;38
2021;171100;REGU_DW_EL_C_MORE_750;DWELL;;629
2021;171100;TOTAL;DWELL;;807
2021;430923;EMPT_DW_EL_C_MIN;DWELL;;3737
2021;430923;LWU_DW_EL_C_UND_250;DWELL;;1142
2021;430923;OCCU_DW_EL_C_250_750;DWELL;;3152
2021;430923;REGU_DW_EL_C_MORE_750;DWELL;;8630
2021;430923;TOTAL;DWELL;;16661
2021;430939;EMPT_DW_EL_C_MIN;DWELL;;587
2021;430939;LWU_DW_EL_C_UND_250;DWELL;;71
2021;430939;OCCU_DW_EL_C_250_750;DWELL;;202
2021;430939;REGU_DW_EL_C_MORE_750;DWELL;;2287
2021;430939;TOTAL;DWELL;;3147
2021;430944;EMPT_DW_EL_C_MIN;DWELL;;189
2021;430944;LWU_DW_EL_C_UND_250;DWELL;;43
2021;430944;OCCU_DW_EL_C_250_750;DWELL;;140
2021;430944;REGU_DW_EL_C_MORE_750;DWELL;;1181
2021;430944;TOTAL;DWELL;;1553
2021;430957;EMPT_DW_EL_C_MIN;DWELL;;162
2021;430957;LWU_DW_EL_C_UND_250;DWELL;;26
2021;430957;OCCU_DW_EL_C_250_750;DWELL;;126
2021;430957;REGU_DW_EL_C_MORE_750;DWELL;;1414
2021;430957;TOTAL;DWELL;;1728
2021;250254;EMPT_DW_EL_C_MIN;DWELL;;1335
2021;250254;LWU_DW_EL_C_UND_250;DWELL;;212
2021;250254;OCCU_DW_EL_C_250_750;DWELL;;919
2021;250254;REGU_DW_EL_C_MORE_750;DWELL;;2294
2021;250254;TOTAL;DWELL;;4760
2021;081402;EMPT_DW_EL_C_MIN;DWELL;;228
2021;081402;LWU_DW_EL_C_UND_250;DWELL;;55
2021;081402;OCCU_DW_EL_C_250_750;DWELL;;159
2021;081402;REGU_DW_EL_C_MORE_750;DWELL;;2349
2021;081402;TOTAL;DWELL;;2791
2021;081419;EMPT_DW_EL_C_MIN;DWELL;;260
2021;081419;LWU_DW_EL_C_UND_250;DWELL;;72
2021;081419;OCCU_DW_EL_C_250_750;DWELL;;198
2021;081419;REGU_DW_EL_C_MORE_750;DWELL;;2562
2021;081419;TOTAL;DWELL;;3092
2021;171117;EMPT_DW_EL_C_MIN;DWELL;;81
2021;171117;LWU_DW_EL_C_UND_250;DWELL;;16
2021;171117;OCCU_DW_EL_C_250_750;DWELL;;65
2021;171117;REGU_DW_EL_C_MORE_750;DWELL;;696
2021;171117;TOTAL;DWELL;;858
2021;081430;EMPT_DW_EL_C_MIN;DWELL;;199
2021;081430;LWU_DW_EL_C_UND_250;DWELL;;43
2021;081430;OCCU_DW_EL_C_250_750;DWELL;;121
2021;081430;REGU_DW_EL_C_MORE_750;DWELL;;1367
2021;081430;TOTAL;DWELL;;1730
2021;081458;EMPT_DW_EL_C_MIN;DWELL;;248
2021;081458;LWU_DW_EL_C_UND_250;DWELL;;24
2021;081458;OCCU_DW_EL_C_250_750;DWELL;;100
2021;081458;REGU_DW_EL_C_MORE_750;DWELL;;1419
2021;081458;TOTAL;DWELL;;1791
2021;081461;EMPT_DW_EL_C_MIN;DWELL;;112
2021;081461;LWU_DW_EL_C_UND_250;DWELL;;25
2021;081461;OCCU_DW_EL_C_250_750;DWELL;;107
2021;081461;REGU_DW_EL_C_MORE_750;DWELL;;893
2021;081461;TOTAL;DWELL;;1137
2021;081477;EMPT_DW_EL_C_MIN;DWELL;;429
2021;081477;LWU_DW_EL_C_UND_250;DWELL;;172
2021;081477;OCCU_DW_EL_C_250_750;DWELL;;595
2021;081477;REGU_DW_EL_C_MORE_750;DWELL;;8982
2021;081477;TOTAL;DWELL;;10178
2021;251497;EMPT_DW_EL_C_MIN;DWELL;;276
2021;251497;LWU_DW_EL_C_UND_250;DWELL;;73
2021;251497;OCCU_DW_EL_C_250_750;DWELL;;132
2021;251497;REGU_DW_EL_C_MORE_750;DWELL;;741
2021;251497;TOTAL;DWELL;;1222
2021;081483;EMPT_DW_EL_C_MIN;DWELL;;371
2021;081483;LWU_DW_EL_C_UND_250;DWELL;;29
2021;081483;OCCU_DW_EL_C_250_750;DWELL;;137
2021;081483;REGU_DW_EL_C_MORE_750;DWELL;;1725
2021;081483;TOTAL;DWELL;;2262
2021;081496;EMPT_DW_EL_C_MIN;DWELL;;93
2021;081496;LWU_DW_EL_C_UND_250;DWELL;;8
2021;081496;OCCU_DW_EL_C_250_750;DWELL;;42
2021;081496;REGU_DW_EL_C_MORE_750;DWELL;;488
2021;081496;TOTAL;DWELL;;631
2021;171143;EMPT_DW_EL_C_MIN;DWELL;;1056
2021;171143;LWU_DW_EL_C_UND_250;DWELL;;422
2021;171143;OCCU_DW_EL_C_250_750;DWELL;;1136
2021;171143;REGU_DW_EL_C_MORE_750;DWELL;;14099
2021;171143;TOTAL;DWELL;;16713
2021;251569;EMPT_DW_EL_C_MIN;DWELL;..; 
2021;251569;LWU_DW_EL_C_UND_250;DWELL;..; 
2021;251569;OCCU_DW_EL_C_250_750;DWELL;..; 
2021;251569;REGU_DW_EL_C_MORE_750;DWELL;..; 
2021;251569;TOTAL;DWELL;..; 
2021;081555;EMPT_DW_EL_C_MIN;DWELL;;306
2021;081555;LWU_DW_EL_C_UND_250;DWELL;;110
2021;081555;OCCU_DW_EL_C_250_750;DWELL;;290
2021;081555;REGU_DW_EL_C_MORE_750;DWELL;;3727
2021;081555;TOTAL;DWELL;;4433
2021;171175;EMPT_DW_EL_C_MIN;DWELL;;2456
2021;171175;LWU_DW_EL_C_UND_250;DWELL;;758
2021;171175;OCCU_DW_EL_C_250_750;DWELL;;2665
2021;171175;REGU_DW_EL_C_MORE_750;DWELL;;11796
2021;171175;TOTAL;DWELL;;17675
2021;171181;EMPT_DW_EL_C_MIN;DWELL;;1247
2021;171181;LWU_DW_EL_C_UND_250;DWELL;;703
2021;171181;OCCU_DW_EL_C_250_750;DWELL;;2211
2021;171181;REGU_DW_EL_C_MORE_750;DWELL;;8846
2021;171181;TOTAL;DWELL;;13007
2021;251581;EMPT_DW_EL_C_MIN;DWELL;;178
2021;251581;LWU_DW_EL_C_UND_250;DWELL;;11
2021;251581;OCCU_DW_EL_C_250_750;DWELL;;63
2021;251581;REGU_DW_EL_C_MORE_750;DWELL;;769
2021;251581;TOTAL;DWELL;;1021
2021;171208;EMPT_DW_EL_C_MIN;DWELL;;199
2021;171208;LWU_DW_EL_C_UND_250;DWELL;;22
2021;171208;OCCU_DW_EL_C_250_750;DWELL;;61
2021;171208;REGU_DW_EL_C_MORE_750;DWELL;;654
2021;171208;TOTAL;DWELL;;936
2021;081568;EMPT_DW_EL_C_MIN;DWELL;;239
2021;081568;LWU_DW_EL_C_UND_250;DWELL;;68
2021;081568;OCCU_DW_EL_C_250_750;DWELL;;208
2021;081568;REGU_DW_EL_C_MORE_750;DWELL;;5212
2021;081568;TOTAL;DWELL;;5727
2021;431009;EMPT_DW_EL_C_MIN;DWELL;;173
2021;431009;LWU_DW_EL_C_UND_250;DWELL;;14
2021;431009;OCCU_DW_EL_C_250_750;DWELL;;80
2021;431009;REGU_DW_EL_C_MORE_750;DWELL;;1665
2021;431009;TOTAL;DWELL;;1932
2021;081574;EMPT_DW_EL_C_MIN;DWELL;;106
2021;081574;LWU_DW_EL_C_UND_250;DWELL;;35
2021;081574;OCCU_DW_EL_C_250_750;DWELL;;200
2021;081574;REGU_DW_EL_C_MORE_750;DWELL;;4309
2021;081574;TOTAL;DWELL;;4650
2021;089058;EMPT_DW_EL_C_MIN;DWELL;;65
2021;089058;LWU_DW_EL_C_UND_250;DWELL;;17
2021;089058;OCCU_DW_EL_C_250_750;DWELL;;56
2021;089058;REGU_DW_EL_C_MORE_750;DWELL;;1150
2021;089058;TOTAL;DWELL;;1288
2021;171241;EMPT_DW_EL_C_MIN;DWELL;;964
2021;171241;LWU_DW_EL_C_UND_250;DWELL;;128
2021;171241;OCCU_DW_EL_C_250_750;DWELL;;649
2021;171241;REGU_DW_EL_C_MORE_750;DWELL;;2248
2021;171241;TOTAL;DWELL;;3989
2021;081580;EMPT_DW_EL_C_MIN;DWELL;;120
2021;081580;LWU_DW_EL_C_UND_250;DWELL;;35
2021;081580;OCCU_DW_EL_C_250_750;DWELL;;93
2021;081580;REGU_DW_EL_C_MORE_750;DWELL;;1523
2021;081580;TOTAL;DWELL;;1771
2021;081593;EMPT_DW_EL_C_MIN;DWELL;;361
2021;081593;LWU_DW_EL_C_UND_250;DWELL;;106
2021;081593;OCCU_DW_EL_C_250_750;DWELL;;302
2021;081593;REGU_DW_EL_C_MORE_750;DWELL;;6791
2021;081593;TOTAL;DWELL;;7560
2021;431037;EMPT_DW_EL_C_MIN;DWELL;;87
2021;431037;LWU_DW_EL_C_UND_250;DWELL;;11
2021;431037;OCCU_DW_EL_C_250_750;DWELL;;33
2021;431037;REGU_DW_EL_C_MORE_750;DWELL;;441
2021;431037;TOTAL;DWELL;;572
2021;171328;EMPT_DW_EL_C_MIN;DWELL;;263
2021;171328;LWU_DW_EL_C_UND_250;DWELL;;14
2021;171328;OCCU_DW_EL_C_250_750;DWELL;;66
2021;171328;REGU_DW_EL_C_MORE_750;DWELL;;782
2021;171328;TOTAL;DWELL;;1125
2021;431042;EMPT_DW_EL_C_MIN;DWELL;;1492
2021;431042;LWU_DW_EL_C_UND_250;DWELL;;74
2021;431042;OCCU_DW_EL_C_250_750;DWELL;;205
2021;431042;REGU_DW_EL_C_MORE_750;DWELL;;1231
2021;431042;TOTAL;DWELL;;3002
2021;081614;EMPT_DW_EL_C_MIN;DWELL;;1025
2021;081614;LWU_DW_EL_C_UND_250;DWELL;;181
2021;081614;OCCU_DW_EL_C_250_750;DWELL;;704
2021;081614;REGU_DW_EL_C_MORE_750;DWELL;;6757
2021;081614;TOTAL;DWELL;;8667
2021;081635;EMPT_DW_EL_C_MIN;DWELL;;1460
2021;081635;LWU_DW_EL_C_UND_250;DWELL;;780
2021;081635;OCCU_DW_EL_C_250_750;DWELL;;2218
2021;081635;REGU_DW_EL_C_MORE_750;DWELL;;11839
2021;081635;TOTAL;DWELL;;16297
2021;431080;EMPT_DW_EL_C_MIN;DWELL;;324
2021;431080;LWU_DW_EL_C_UND_250;DWELL;;25
2021;431080;OCCU_DW_EL_C_250_750;DWELL;;115
2021;431080;REGU_DW_EL_C_MORE_750;DWELL;;906
2021;431080;TOTAL;DWELL;;1370
2021;081640;EMPT_DW_EL_C_MIN;DWELL;;133
2021;081640;LWU_DW_EL_C_UND_250;DWELL;;14
2021;081640;OCCU_DW_EL_C_250_750;DWELL;;38
2021;081640;REGU_DW_EL_C_MORE_750;DWELL;;545
2021;081640;TOTAL;DWELL;;730
2021;171334;EMPT_DW_EL_C_MIN;DWELL;;228
2021;171334;LWU_DW_EL_C_UND_250;DWELL;;16
2021;171334;OCCU_DW_EL_C_250_750;DWELL;;61
2021;171334;REGU_DW_EL_C_MORE_750;DWELL;;658
2021;171334;TOTAL;DWELL;;963
2021;081653;EMPT_DW_EL_C_MIN;DWELL;;79
2021;081653;LWU_DW_EL_C_UND_250;DWELL;;31
2021;081653;OCCU_DW_EL_C_250_750;DWELL;;72
2021;081653;REGU_DW_EL_C_MORE_750;DWELL;;877
2021;081653;TOTAL;DWELL;;1059
2021;081666;EMPT_DW_EL_C_MIN;DWELL;;288
2021;081666;LWU_DW_EL_C_UND_250;DWELL;;71
2021;081666;OCCU_DW_EL_C_250_750;DWELL;;161
2021;081666;REGU_DW_EL_C_MORE_750;DWELL;;469
2021;081666;TOTAL;DWELL;;989
2021;431093;EMPT_DW_EL_C_MIN;DWELL;;245
2021;431093;LWU_DW_EL_C_UND_250;DWELL;;17
2021;431093;OCCU_DW_EL_C_250_750;DWELL;;89
2021;431093;REGU_DW_EL_C_MORE_750;DWELL;;1264
2021;431093;TOTAL;DWELL;;1615
2021;431114;EMPT_DW_EL_C_MIN;DWELL;;317
2021;431114;LWU_DW_EL_C_UND_250;DWELL;;51
2021;431114;OCCU_DW_EL_C_250_750;DWELL;;228
2021;431114;REGU_DW_EL_C_MORE_750;DWELL;;1559
2021;431114;TOTAL;DWELL;;2155
2021;251713;EMPT_DW_EL_C_MIN;DWELL;;506
2021;251713;LWU_DW_EL_C_UND_250;DWELL;;145
2021;251713;OCCU_DW_EL_C_250_750;DWELL;;279
2021;251713;REGU_DW_EL_C_MORE_750;DWELL;;1525
2021;251713;TOTAL;DWELL;;2455
2021;081672;EMPT_DW_EL_C_MIN;DWELL;;115
2021;081672;LWU_DW_EL_C_UND_250;DWELL;;39
2021;081672;OCCU_DW_EL_C_250_750;DWELL;;139
2021;081672;REGU_DW_EL_C_MORE_750;DWELL;;2898
2021;081672;TOTAL;DWELL;;3191
2021;251734;EMPT_DW_EL_C_MIN;DWELL;;312
2021;251734;LWU_DW_EL_C_UND_250;DWELL;;164
2021;251734;OCCU_DW_EL_C_250_750;DWELL;;334
2021;251734;REGU_DW_EL_C_MORE_750;DWELL;;1103
2021;251734;TOTAL;DWELL;;1913
2021;081825;EMPT_DW_EL_C_MIN;DWELL;;216
2021;081825;LWU_DW_EL_C_UND_250;DWELL;;57
2021;081825;OCCU_DW_EL_C_250_750;DWELL;;121
2021;081825;REGU_DW_EL_C_MORE_750;DWELL;;1557
2021;081825;TOTAL;DWELL;;1951
2021;251728;EMPT_DW_EL_C_MIN;DWELL;;197
2021;251728;LWU_DW_EL_C_UND_250;DWELL;;79
2021;251728;OCCU_DW_EL_C_250_750;DWELL;;164
2021;251728;REGU_DW_EL_C_MORE_750;DWELL;;1085
2021;251728;TOTAL;DWELL;;1525
2021;171371;EMPT_DW_EL_C_MIN;DWELL;;80
2021;171371;LWU_DW_EL_C_UND_250;DWELL;;16
2021;171371;OCCU_DW_EL_C_250_750;DWELL;;75
2021;171371;REGU_DW_EL_C_MORE_750;DWELL;;1664
2021;171371;TOTAL;DWELL;;1835
2021;171404;EMPT_DW_EL_C_MIN;DWELL;;594
2021;171404;LWU_DW_EL_C_UND_250;DWELL;;194
2021;171404;OCCU_DW_EL_C_250_750;DWELL;;521
2021;171404;REGU_DW_EL_C_MORE_750;DWELL;;1188
2021;171404;TOTAL;DWELL;;2497
2021;171387;EMPT_DW_EL_C_MIN;DWELL;;150
2021;171387;LWU_DW_EL_C_UND_250;DWELL;;109
2021;171387;OCCU_DW_EL_C_250_750;DWELL;;242
2021;171387;REGU_DW_EL_C_MORE_750;DWELL;;590
2021;171387;TOTAL;DWELL;;1091
2021;081691;EMPT_DW_EL_C_MIN;DWELL;;1534
2021;081691;LWU_DW_EL_C_UND_250;DWELL;;355
2021;081691;OCCU_DW_EL_C_250_750;DWELL;;1315
2021;081691;REGU_DW_EL_C_MORE_750;DWELL;;23314
2021;081691;TOTAL;DWELL;;26518
2021;081712;EMPT_DW_EL_C_MIN;DWELL;;256
2021;081712;LWU_DW_EL_C_UND_250;DWELL;;27
2021;081712;OCCU_DW_EL_C_250_750;DWELL;;93
2021;081712;REGU_DW_EL_C_MORE_750;DWELL;;1013
2021;081712;TOTAL;DWELL;;1389
2021;082303;EMPT_DW_EL_C_MIN;DWELL;;278
2021;082303;LWU_DW_EL_C_UND_250;DWELL;;56
2021;082303;OCCU_DW_EL_C_250_750;DWELL;;211
2021;082303;REGU_DW_EL_C_MORE_750;DWELL;;3695
2021;082303;TOTAL;DWELL;;4240
2021;081727;EMPT_DW_EL_C_MIN;DWELL;;534
2021;081727;LWU_DW_EL_C_UND_250;DWELL;;235
2021;081727;OCCU_DW_EL_C_250_750;DWELL;;762
2021;081727;REGU_DW_EL_C_MORE_750;DWELL;;10782
2021;081727;TOTAL;DWELL;;12313
2021;171390;EMPT_DW_EL_C_MIN;DWELL;;30
2021;171390;LWU_DW_EL_C_UND_250;DWELL;;18
2021;171390;OCCU_DW_EL_C_250_750;DWELL;;52
2021;171390;REGU_DW_EL_C_MORE_750;DWELL;;667
2021;171390;TOTAL;DWELL;;767
2021;171411;EMPT_DW_EL_C_MIN;DWELL;;493
2021;171411;LWU_DW_EL_C_UND_250;DWELL;;357
2021;171411;OCCU_DW_EL_C_250_750;DWELL;;996
2021;171411;REGU_DW_EL_C_MORE_750;DWELL;;4143
2021;171411;TOTAL;DWELL;;5989
2021;431191;EMPT_DW_EL_C_MIN;DWELL;;88
2021;431191;LWU_DW_EL_C_UND_250;DWELL;;14
2021;431191;OCCU_DW_EL_C_250_750;DWELL;;46
2021;431191;REGU_DW_EL_C_MORE_750;DWELL;;452
2021;431191;TOTAL;DWELL;;600
2021;081751;EMPT_DW_EL_C_MIN;DWELL;;370
2021;081751;LWU_DW_EL_C_UND_250;DWELL;;106
2021;081751;OCCU_DW_EL_C_250_750;DWELL;;205
2021;081751;REGU_DW_EL_C_MORE_750;DWELL;;1695
2021;081751;TOTAL;DWELL;;2376
2021;251826;EMPT_DW_EL_C_MIN;DWELL;;93
2021;251826;LWU_DW_EL_C_UND_250;DWELL;;20
2021;251826;OCCU_DW_EL_C_250_750;DWELL;;75
2021;251826;REGU_DW_EL_C_MORE_750;DWELL;;565
2021;251826;TOTAL;DWELL;;753
2021;171426;EMPT_DW_EL_C_MIN;DWELL;;71
2021;171426;LWU_DW_EL_C_UND_250;DWELL;;19
2021;171426;OCCU_DW_EL_C_250_750;DWELL;;79
2021;171426;REGU_DW_EL_C_MORE_750;DWELL;;1330
2021;171426;TOTAL;DWELL;;1499
2021;431362;EMPT_DW_EL_C_MIN;DWELL;;1959
2021;431362;LWU_DW_EL_C_UND_250;DWELL;;751
2021;431362;OCCU_DW_EL_C_250_750;DWELL;;1999
2021;431362;REGU_DW_EL_C_MORE_750;DWELL;;7365
2021;431362;TOTAL;DWELL;;12074
2021;431233;EMPT_DW_EL_C_MIN;DWELL;;5928
2021;431233;LWU_DW_EL_C_UND_250;DWELL;;1066
2021;431233;OCCU_DW_EL_C_250_750;DWELL;;3107
2021;431233;REGU_DW_EL_C_MORE_750;DWELL;;41183
2021;431233;TOTAL;DWELL;;51284
2021;431251;EMPT_DW_EL_C_MIN;DWELL;;162
2021;431251;LWU_DW_EL_C_UND_250;DWELL;;52
2021;431251;OCCU_DW_EL_C_250_750;DWELL;;108
2021;431251;REGU_DW_EL_C_MORE_750;DWELL;;557
2021;431251;TOTAL;DWELL;;879
2021;171450;EMPT_DW_EL_C_MIN;DWELL;;203
2021;171450;LWU_DW_EL_C_UND_250;DWELL;;151
2021;171450;OCCU_DW_EL_C_250_750;DWELL;;367
2021;171450;REGU_DW_EL_C_MORE_750;DWELL;;926
2021;171450;TOTAL;DWELL;;1647
2021;171463;EMPT_DW_EL_C_MIN;DWELL;;270
2021;171463;LWU_DW_EL_C_UND_250;DWELL;;37
2021;171463;OCCU_DW_EL_C_250_750;DWELL;;169
2021;171463;REGU_DW_EL_C_MORE_750;DWELL;;1907
2021;171463;TOTAL;DWELL;;2383
2021;431264;EMPT_DW_EL_C_MIN;DWELL;;68
2021;431264;LWU_DW_EL_C_UND_250;DWELL;;27
2021;431264;OCCU_DW_EL_C_250_750;DWELL;;72
2021;431264;REGU_DW_EL_C_MORE_750;DWELL;;702
2021;431264;TOTAL;DWELL;;869
2021;171479;EMPT_DW_EL_C_MIN;DWELL;;549
2021;171479;LWU_DW_EL_C_UND_250;DWELL;;244
2021;171479;OCCU_DW_EL_C_250_750;DWELL;;496
2021;171479;REGU_DW_EL_C_MORE_750;DWELL;;4376
2021;171479;TOTAL;DWELL;;5665
2021;081803;EMPT_DW_EL_C_MIN;DWELL;;811
2021;081803;LWU_DW_EL_C_UND_250;DWELL;;213
2021;081803;OCCU_DW_EL_C_250_750;DWELL;;745
2021;081803;REGU_DW_EL_C_MORE_750;DWELL;;13658
2021;081803;TOTAL;DWELL;;15427
2021;171485;EMPT_DW_EL_C_MIN;DWELL;;190
2021;171485;LWU_DW_EL_C_UND_250;DWELL;;41
2021;171485;OCCU_DW_EL_C_250_750;DWELL;;118
2021;171485;REGU_DW_EL_C_MORE_750;DWELL;;1094
2021;171485;TOTAL;DWELL;;1443
2021;431270;EMPT_DW_EL_C_MIN;DWELL;;174
2021;431270;LWU_DW_EL_C_UND_250;DWELL;;20
2021;431270;OCCU_DW_EL_C_250_750;DWELL;;62
2021;431270;REGU_DW_EL_C_MORE_750;DWELL;;510
2021;431270;TOTAL;DWELL;;766
2021;431286;EMPT_DW_EL_C_MIN;DWELL;;128
2021;431286;LWU_DW_EL_C_UND_250;DWELL;;21
2021;431286;OCCU_DW_EL_C_250_750;DWELL;;55
2021;431286;REGU_DW_EL_C_MORE_750;DWELL;;507
2021;431286;TOTAL;DWELL;;711
2021;171501;EMPT_DW_EL_C_MIN;DWELL;;53
2021;171501;LWU_DW_EL_C_UND_250;DWELL;;4
2021;171501;OCCU_DW_EL_C_250_750;DWELL;;27
2021;171501;REGU_DW_EL_C_MORE_750;DWELL;;759
2021;171501;TOTAL;DWELL;;843
2021;431299;EMPT_DW_EL_C_MIN;DWELL;;343
2021;431299;LWU_DW_EL_C_UND_250;DWELL;;105
2021;431299;OCCU_DW_EL_C_250_750;DWELL;;306
2021;431299;REGU_DW_EL_C_MORE_750;DWELL;;2693
2021;431299;TOTAL;DWELL;;3447
2021;081810;EMPT_DW_EL_C_MIN;DWELL;;239
2021;081810;LWU_DW_EL_C_UND_250;DWELL;;75
2021;081810;OCCU_DW_EL_C_250_750;DWELL;;186
2021;081810;REGU_DW_EL_C_MORE_750;DWELL;;4015
2021;081810;TOTAL;DWELL;;4515
2021;431310;EMPT_DW_EL_C_MIN;DWELL;;1124
2021;431310;LWU_DW_EL_C_UND_250;DWELL;;435
2021;431310;OCCU_DW_EL_C_250_750;DWELL;;1787
2021;431310;REGU_DW_EL_C_MORE_750;DWELL;;5416
2021;431310;TOTAL;DWELL;;8762
2021;081831;EMPT_DW_EL_C_MIN;DWELL;;368
2021;081831;LWU_DW_EL_C_UND_250;DWELL;;56
2021;081831;OCCU_DW_EL_C_250_750;DWELL;;166
2021;081831;REGU_DW_EL_C_MORE_750;DWELL;;2229
2021;081831;TOTAL;DWELL;;2819
2021;431331;EMPT_DW_EL_C_MIN;DWELL;;515
2021;431331;LWU_DW_EL_C_UND_250;DWELL;;120
2021;431331;OCCU_DW_EL_C_250_750;DWELL;;298
2021;431331;REGU_DW_EL_C_MORE_750;DWELL;;3360
2021;431331;TOTAL;DWELL;;4293
2021;171523;EMPT_DW_EL_C_MIN;DWELL;;7202
2021;171523;LWU_DW_EL_C_UND_250;DWELL;;1957
2021;171523;OCCU_DW_EL_C_250_750;DWELL;;4297
2021;171523;REGU_DW_EL_C_MORE_750;DWELL;;11287
2021;171523;TOTAL;DWELL;;24743
2021;251898;EMPT_DW_EL_C_MIN;DWELL;;244
2021;251898;LWU_DW_EL_C_UND_250;DWELL;;28
2021;251898;OCCU_DW_EL_C_250_750;DWELL;;95
2021;251898;REGU_DW_EL_C_MORE_750;DWELL;;1180
2021;251898;TOTAL;DWELL;;1547
2021;081846;EMPT_DW_EL_C_MIN;DWELL;;2104
2021;081846;LWU_DW_EL_C_UND_250;DWELL;;472
2021;081846;OCCU_DW_EL_C_250_750;DWELL;;1597
2021;081846;REGU_DW_EL_C_MORE_750;DWELL;;28303
2021;081846;TOTAL;DWELL;;32476
2021;081878;EMPT_DW_EL_C_MIN;DWELL;;5614
2021;081878;LWU_DW_EL_C_UND_250;DWELL;;1604
2021;081878;OCCU_DW_EL_C_250_750;DWELL;;5082
2021;081878;REGU_DW_EL_C_MORE_750;DWELL;;80472
2021;081878;TOTAL;DWELL;;92772
2021;081918;EMPT_DW_EL_C_MIN;DWELL;;402
2021;081918;LWU_DW_EL_C_UND_250;DWELL;;92
2021;081918;OCCU_DW_EL_C_250_750;DWELL;;237
2021;081918;REGU_DW_EL_C_MORE_750;DWELL;;2742
2021;081918;TOTAL;DWELL;;3473
2021;439057;EMPT_DW_EL_C_MIN;DWELL;;7211
2021;439057;LWU_DW_EL_C_UND_250;DWELL;;3406
2021;439057;OCCU_DW_EL_C_250_750;DWELL;;6548
2021;439057;REGU_DW_EL_C_MORE_750;DWELL;;14358
2021;439057;TOTAL;DWELL;;31523
2021;171557;EMPT_DW_EL_C_MIN;DWELL;;1302
2021;171557;LWU_DW_EL_C_UND_250;DWELL;;218
2021;171557;OCCU_DW_EL_C_250_750;DWELL;;742
2021;171557;REGU_DW_EL_C_MORE_750;DWELL;;9380
2021;171557;TOTAL;DWELL;;11642
2021;081944;EMPT_DW_EL_C_MIN;DWELL;;1262
2021;081944;LWU_DW_EL_C_UND_250;DWELL;;301
2021;081944;OCCU_DW_EL_C_250_750;DWELL;;1003
2021;081944;REGU_DW_EL_C_MORE_750;DWELL;;12311
2021;081944;TOTAL;DWELL;;14877
2021;081960;EMPT_DW_EL_C_MIN;DWELL;;418
2021;081960;LWU_DW_EL_C_UND_250;DWELL;;100
2021;081960;OCCU_DW_EL_C_250_750;DWELL;;402
2021;081960;REGU_DW_EL_C_MORE_750;DWELL;;9616
2021;081960;TOTAL;DWELL;;10536
2021;081976;EMPT_DW_EL_C_MIN;DWELL;;528
2021;081976;LWU_DW_EL_C_UND_250;DWELL;;107
2021;081976;OCCU_DW_EL_C_250_750;DWELL;;411
2021;081976;REGU_DW_EL_C_MORE_750;DWELL;;4515
2021;081976;TOTAL;DWELL;;5561
2021;081982;EMPT_DW_EL_C_MIN;DWELL;;254
2021;081982;LWU_DW_EL_C_UND_250;DWELL;;40
2021;081982;OCCU_DW_EL_C_250_750;DWELL;;150
2021;081982;REGU_DW_EL_C_MORE_750;DWELL;;2552
2021;081982;TOTAL;DWELL;;2996
2021;082009;EMPT_DW_EL_C_MIN;DWELL;;1497
2021;082009;LWU_DW_EL_C_UND_250;DWELL;;484
2021;082009;OCCU_DW_EL_C_250_750;DWELL;;1717
2021;082009;REGU_DW_EL_C_MORE_750;DWELL;;30206
2021;082009;TOTAL;DWELL;;33904
2021;082037;EMPT_DW_EL_C_MIN;DWELL;;261
2021;082037;LWU_DW_EL_C_UND_250;DWELL;;52
2021;082037;OCCU_DW_EL_C_250_750;DWELL;;201
2021;082037;REGU_DW_EL_C_MORE_750;DWELL;;1652
2021;082037;TOTAL;DWELL;;2166
2021;082021;EMPT_DW_EL_C_MIN;DWELL;;446
2021;082021;LWU_DW_EL_C_UND_250;DWELL;;162
2021;082021;OCCU_DW_EL_C_250_750;DWELL;;468
2021;082021;REGU_DW_EL_C_MORE_750;DWELL;;6870
2021;082021;TOTAL;DWELL;;7946
2021;082042;EMPT_DW_EL_C_MIN;DWELL;;97
2021;082042;LWU_DW_EL_C_UND_250;DWELL;;24
2021;082042;OCCU_DW_EL_C_250_750;DWELL;;72
2021;082042;REGU_DW_EL_C_MORE_750;DWELL;;1433
2021;082042;TOTAL;DWELL;;1626
2021;082055;EMPT_DW_EL_C_MIN;DWELL;;2404
2021;082055;LWU_DW_EL_C_UND_250;DWELL;;377
2021;082055;OCCU_DW_EL_C_250_750;DWELL;;1377
2021;082055;REGU_DW_EL_C_MORE_750;DWELL;;31612
2021;082055;TOTAL;DWELL;;35770
2021;082068;EMPT_DW_EL_C_MIN;DWELL;;77
2021;082068;LWU_DW_EL_C_UND_250;DWELL;;2
2021;082068;OCCU_DW_EL_C_250_750;DWELL;;19
2021;082068;REGU_DW_EL_C_MORE_750;DWELL;;323
2021;082068;TOTAL;DWELL;;421
2021;082074;EMPT_DW_EL_C_MIN;DWELL;;49
2021;082074;LWU_DW_EL_C_UND_250;DWELL;;21
2021;082074;OCCU_DW_EL_C_250_750;DWELL;;84
2021;082074;REGU_DW_EL_C_MORE_750;DWELL;;1122
2021;082074;TOTAL;DWELL;;1276
2021;082080;EMPT_DW_EL_C_MIN;DWELL;;268
2021;082080;LWU_DW_EL_C_UND_250;DWELL;;60
2021;082080;OCCU_DW_EL_C_250_750;DWELL;;175
2021;082080;REGU_DW_EL_C_MORE_750;DWELL;;2932
2021;082080;TOTAL;DWELL;;3435
2021;082107;EMPT_DW_EL_C_MIN;DWELL;;325
2021;082107;LWU_DW_EL_C_UND_250;DWELL;;70
2021;082107;OCCU_DW_EL_C_250_750;DWELL;;160
2021;082107;REGU_DW_EL_C_MORE_750;DWELL;;2717
2021;082107;TOTAL;DWELL;;3272
2021;171609;EMPT_DW_EL_C_MIN;DWELL;;1902
2021;171609;LWU_DW_EL_C_UND_250;DWELL;;856
2021;171609;OCCU_DW_EL_C_250_750;DWELL;;2422
2021;171609;REGU_DW_EL_C_MORE_750;DWELL;;10728
2021;171609;TOTAL;DWELL;;15908
2021;082114;EMPT_DW_EL_C_MIN;DWELL;;926
2021;082114;LWU_DW_EL_C_UND_250;DWELL;;213
2021;082114;OCCU_DW_EL_C_250_750;DWELL;;946
2021;082114;REGU_DW_EL_C_MORE_750;DWELL;;16634
2021;082114;TOTAL;DWELL;;18719
2021;171616;EMPT_DW_EL_C_MIN;DWELL;;134
2021;171616;LWU_DW_EL_C_UND_250;DWELL;;37
2021;171616;OCCU_DW_EL_C_250_750;DWELL;;71
2021;171616;REGU_DW_EL_C_MORE_750;DWELL;;561
2021;171616;TOTAL;DWELL;;803
2021;082093;EMPT_DW_EL_C_MIN;DWELL;;213
2021;082093;LWU_DW_EL_C_UND_250;DWELL;;37
2021;082093;OCCU_DW_EL_C_250_750;DWELL;;158
2021;082093;REGU_DW_EL_C_MORE_750;DWELL;;3019
2021;082093;TOTAL;DWELL;;3427
2021;082135;EMPT_DW_EL_C_MIN;DWELL;;283
2021;082135;LWU_DW_EL_C_UND_250;DWELL;;58
2021;082135;OCCU_DW_EL_C_250_750;DWELL;;202
2021;082135;REGU_DW_EL_C_MORE_750;DWELL;;3333
2021;082135;TOTAL;DWELL;;3876
2021;171637;EMPT_DW_EL_C_MIN;DWELL;;98
2021;171637;LWU_DW_EL_C_UND_250;DWELL;;21
2021;171637;OCCU_DW_EL_C_250_750;DWELL;;75
2021;171637;REGU_DW_EL_C_MORE_750;DWELL;;1312
2021;171637;TOTAL;DWELL;;1506
2021;251924;EMPT_DW_EL_C_MIN;DWELL;;92
2021;251924;LWU_DW_EL_C_UND_250;DWELL;;34
2021;251924;OCCU_DW_EL_C_250_750;DWELL;;79
2021;251924;REGU_DW_EL_C_MORE_750;DWELL;;484
2021;251924;TOTAL;DWELL;;689
2021;171642;EMPT_DW_EL_C_MIN;DWELL;;406
2021;171642;LWU_DW_EL_C_UND_250;DWELL;;109
2021;171642;OCCU_DW_EL_C_250_750;DWELL;;334
2021;171642;REGU_DW_EL_C_MORE_750;DWELL;;2199
2021;171642;TOTAL;DWELL;;3048
2021;082153;EMPT_DW_EL_C_MIN;DWELL;;334
2021;082153;LWU_DW_EL_C_UND_250;DWELL;;28
2021;082153;OCCU_DW_EL_C_250_750;DWELL;;91
2021;082153;REGU_DW_EL_C_MORE_750;DWELL;;1286
2021;082153;TOTAL;DWELL;;1739
2021;081939;EMPT_DW_EL_C_MIN;DWELL;;87
2021;081939;LWU_DW_EL_C_UND_250;DWELL;;17
2021;081939;OCCU_DW_EL_C_250_750;DWELL;;59
2021;081939;REGU_DW_EL_C_MORE_750;DWELL;;600
2021;081939;TOTAL;DWELL;;763
2021;439023;EMPT_DW_EL_C_MIN;DWELL;;537
2021;439023;LWU_DW_EL_C_UND_250;DWELL;;73
2021;439023;OCCU_DW_EL_C_250_750;DWELL;;289
2021;439023;REGU_DW_EL_C_MORE_750;DWELL;;1599
2021;439023;TOTAL;DWELL;;2498
2021;431378;EMPT_DW_EL_C_MIN;DWELL;;113
2021;431378;LWU_DW_EL_C_UND_250;DWELL;;42
2021;431378;OCCU_DW_EL_C_250_750;DWELL;;126
2021;431378;REGU_DW_EL_C_MORE_750;DWELL;;1201
2021;431378;TOTAL;DWELL;;1482
2021;171674;EMPT_DW_EL_C_MIN;DWELL;;260
2021;171674;LWU_DW_EL_C_UND_250;DWELL;;116
2021;171674;OCCU_DW_EL_C_250_750;DWELL;;277
2021;171674;REGU_DW_EL_C_MORE_750;DWELL;;1368
2021;171674;TOTAL;DWELL;;2021
2021;082188;EMPT_DW_EL_C_MIN;DWELL;;195
2021;082188;LWU_DW_EL_C_UND_250;DWELL;;97
2021;082188;OCCU_DW_EL_C_250_750;DWELL;;242
2021;082188;REGU_DW_EL_C_MORE_750;DWELL;;3971
2021;082188;TOTAL;DWELL;;4505
2021;082172;EMPT_DW_EL_C_MIN;DWELL;;548
2021;082172;LWU_DW_EL_C_UND_250;DWELL;;141
2021;082172;OCCU_DW_EL_C_250_750;DWELL;;625
2021;082172;REGU_DW_EL_C_MORE_750;DWELL;;12263
2021;082172;TOTAL;DWELL;;13577
2021;171851;EMPT_DW_EL_C_MIN;DWELL;;104
2021;171851;LWU_DW_EL_C_UND_250;DWELL;;24
2021;171851;OCCU_DW_EL_C_250_750;DWELL;;100
2021;171851;REGU_DW_EL_C_MORE_750;DWELL;;1198
2021;171851;TOTAL;DWELL;;1426
2021;171693;EMPT_DW_EL_C_MIN;DWELL;;53
2021;171693;LWU_DW_EL_C_UND_250;DWELL;;11
2021;171693;OCCU_DW_EL_C_250_750;DWELL;;46
2021;171693;REGU_DW_EL_C_MORE_750;DWELL;;1277
2021;171693;TOTAL;DWELL;;1387
2021;082205;EMPT_DW_EL_C_MIN;DWELL;;186
2021;082205;LWU_DW_EL_C_UND_250;DWELL;;25
2021;082205;OCCU_DW_EL_C_250_750;DWELL;;72
2021;082205;REGU_DW_EL_C_MORE_750;DWELL;;1109
2021;082205;TOTAL;DWELL;;1392
2021;179032;EMPT_DW_EL_C_MIN;DWELL;;129
2021;179032;LWU_DW_EL_C_UND_250;DWELL;;10
2021;179032;OCCU_DW_EL_C_250_750;DWELL;;29
2021;179032;REGU_DW_EL_C_MORE_750;DWELL;;447
2021;179032;TOTAL;DWELL;;615
2021;082212;EMPT_DW_EL_C_MIN;DWELL;;516
2021;082212;LWU_DW_EL_C_UND_250;DWELL;;107
2021;082212;OCCU_DW_EL_C_250_750;DWELL;;398
2021;082212;REGU_DW_EL_C_MORE_750;DWELL;;6937
2021;082212;TOTAL;DWELL;;7958
2021;082227;EMPT_DW_EL_C_MIN;DWELL;;71
2021;082227;LWU_DW_EL_C_UND_250;DWELL;;19
2021;082227;OCCU_DW_EL_C_250_750;DWELL;;70
2021;082227;REGU_DW_EL_C_MORE_750;DWELL;;1068
2021;082227;TOTAL;DWELL;;1228
2021;082233;EMPT_DW_EL_C_MIN;DWELL;;116
2021;082233;LWU_DW_EL_C_UND_250;DWELL;;34
2021;082233;OCCU_DW_EL_C_250_750;DWELL;;152
2021;082233;REGU_DW_EL_C_MORE_750;DWELL;;1064
2021;082233;TOTAL;DWELL;;1366
2021;082248;EMPT_DW_EL_C_MIN;DWELL;;65
2021;082248;LWU_DW_EL_C_UND_250;DWELL;;25
2021;082248;OCCU_DW_EL_C_250_750;DWELL;;51
2021;082248;REGU_DW_EL_C_MORE_750;DWELL;;477
2021;082248;TOTAL;DWELL;;618
2021;082264;EMPT_DW_EL_C_MIN;DWELL;;93
2021;082264;LWU_DW_EL_C_UND_250;DWELL;;13
2021;082264;OCCU_DW_EL_C_250_750;DWELL;;48
2021;082264;REGU_DW_EL_C_MORE_750;DWELL;;441
2021;082264;TOTAL;DWELL;;595
2021;082270;EMPT_DW_EL_C_MIN;DWELL;;297
2021;082270;LWU_DW_EL_C_UND_250;DWELL;;21
2021;082270;OCCU_DW_EL_C_250_750;DWELL;;91
2021;082270;REGU_DW_EL_C_MORE_750;DWELL;;1264
2021;082270;TOTAL;DWELL;;1673
2021;082310;EMPT_DW_EL_C_MIN;DWELL;;1228
2021;082310;LWU_DW_EL_C_UND_250;DWELL;;275
2021;082310;OCCU_DW_EL_C_250_750;DWELL;;837
2021;082310;REGU_DW_EL_C_MORE_750;DWELL;;11810
2021;082310;TOTAL;DWELL;;14150
2021;082325;EMPT_DW_EL_C_MIN;DWELL;;143
2021;082325;LWU_DW_EL_C_UND_250;DWELL;;29
2021;082325;OCCU_DW_EL_C_250_750;DWELL;;75
2021;082325;REGU_DW_EL_C_MORE_750;DWELL;;938
2021;082325;TOTAL;DWELL;;1185
2021;082331;EMPT_DW_EL_C_MIN;DWELL;;127
2021;082331;LWU_DW_EL_C_UND_250;DWELL;;24
2021;082331;OCCU_DW_EL_C_250_750;DWELL;;66
2021;082331;REGU_DW_EL_C_MORE_750;DWELL;;955
2021;082331;TOTAL;DWELL;;1172
2021;082346;EMPT_DW_EL_C_MIN;DWELL;;329
2021;082346;LWU_DW_EL_C_UND_250;DWELL;;42
2021;082346;OCCU_DW_EL_C_250_750;DWELL;;164
2021;082346;REGU_DW_EL_C_MORE_750;DWELL;;1867
2021;082346;TOTAL;DWELL;;2402
2021;171788;EMPT_DW_EL_C_MIN;DWELL;;354
2021;171788;LWU_DW_EL_C_UND_250;DWELL;;73
2021;171788;OCCU_DW_EL_C_250_750;DWELL;;202
2021;171788;REGU_DW_EL_C_MORE_750;DWELL;;1011
2021;171788;TOTAL;DWELL;;1640
2021;082359;EMPT_DW_EL_C_MIN;DWELL;;234
2021;082359;LWU_DW_EL_C_UND_250;DWELL;;164
2021;082359;OCCU_DW_EL_C_250_750;DWELL;;624
2021;082359;REGU_DW_EL_C_MORE_750;DWELL;;2862
2021;082359;TOTAL;DWELL;;3884
2021;082362;EMPT_DW_EL_C_MIN;DWELL;;207
2021;082362;LWU_DW_EL_C_UND_250;DWELL;;38
2021;082362;OCCU_DW_EL_C_250_750;DWELL;;109
2021;082362;REGU_DW_EL_C_MORE_750;DWELL;;879
2021;082362;TOTAL;DWELL;;1233
2021;082378;EMPT_DW_EL_C_MIN;DWELL;;185
2021;082378;LWU_DW_EL_C_UND_250;DWELL;;34
2021;082378;OCCU_DW_EL_C_250_750;DWELL;;77
2021;082378;REGU_DW_EL_C_MORE_750;DWELL;;807
2021;082378;TOTAL;DWELL;;1103
2021;082384;EMPT_DW_EL_C_MIN;DWELL;;686
2021;082384;LWU_DW_EL_C_UND_250;DWELL;;60
2021;082384;OCCU_DW_EL_C_250_750;DWELL;;252
2021;082384;REGU_DW_EL_C_MORE_750;DWELL;;6611
2021;082384;TOTAL;DWELL;;7609
2021;082401;EMPT_DW_EL_C_MIN;DWELL;;229
2021;082401;LWU_DW_EL_C_UND_250;DWELL;;117
2021;082401;OCCU_DW_EL_C_250_750;DWELL;;320
2021;082401;REGU_DW_EL_C_MORE_750;DWELL;;4970
2021;082401;TOTAL;DWELL;;5636
2021;080983;EMPT_DW_EL_C_MIN;DWELL;;281
2021;080983;LWU_DW_EL_C_UND_250;DWELL;;21
2021;080983;OCCU_DW_EL_C_250_750;DWELL;;108
2021;080983;REGU_DW_EL_C_MORE_750;DWELL;;1197
2021;080983;TOTAL;DWELL;;1607
2021;082628;EMPT_DW_EL_C_MIN;DWELL;;360
2021;082628;LWU_DW_EL_C_UND_250;DWELL;;125
2021;082628;OCCU_DW_EL_C_250_750;DWELL;;312
2021;082628;REGU_DW_EL_C_MORE_750;DWELL;;3627
2021;082628;TOTAL;DWELL;;4424
2021;082649;EMPT_DW_EL_C_MIN;DWELL;;432
2021;082649;LWU_DW_EL_C_UND_250;DWELL;;65
2021;082649;OCCU_DW_EL_C_250_750;DWELL;;336
2021;082649;REGU_DW_EL_C_MORE_750;DWELL;;2779
2021;082649;TOTAL;DWELL;;3612
2021;082652;EMPT_DW_EL_C_MIN;DWELL;;123
2021;082652;LWU_DW_EL_C_UND_250;DWELL;;16
2021;082652;OCCU_DW_EL_C_250_750;DWELL;;52
2021;082652;REGU_DW_EL_C_MORE_750;DWELL;;748
2021;082652;TOTAL;DWELL;;939
2021;082634;EMPT_DW_EL_C_MIN;DWELL;;899
2021;082634;LWU_DW_EL_C_UND_250;DWELL;;180
2021;082634;OCCU_DW_EL_C_250_750;DWELL;;588
2021;082634;REGU_DW_EL_C_MORE_750;DWELL;;9863
2021;082634;TOTAL;DWELL;;11530
2021;431384;EMPT_DW_EL_C_MIN;DWELL;;394
2021;431384;LWU_DW_EL_C_UND_250;DWELL;;81
2021;431384;OCCU_DW_EL_C_250_750;DWELL;;206
2021;431384;REGU_DW_EL_C_MORE_750;DWELL;;1623
2021;431384;TOTAL;DWELL;;2304
2021;082444;EMPT_DW_EL_C_MIN;DWELL;;89
2021;082444;LWU_DW_EL_C_UND_250;DWELL;;40
2021;082444;OCCU_DW_EL_C_250_750;DWELL;;127
2021;082444;REGU_DW_EL_C_MORE_750;DWELL;;2815
2021;082444;TOTAL;DWELL;;3071
2021;171805;EMPT_DW_EL_C_MIN;DWELL;;683
2021;171805;LWU_DW_EL_C_UND_250;DWELL;;102
2021;171805;OCCU_DW_EL_C_250_750;DWELL;;352
2021;171805;REGU_DW_EL_C_MORE_750;DWELL;;4858
2021;171805;TOTAL;DWELL;;5995
2021;082457;EMPT_DW_EL_C_MIN;DWELL;;4368
2021;082457;LWU_DW_EL_C_UND_250;DWELL;;1066
2021;082457;OCCU_DW_EL_C_250_750;DWELL;;3344
2021;082457;REGU_DW_EL_C_MORE_750;DWELL;;39322
2021;082457;TOTAL;DWELL;;48100
2021;431397;EMPT_DW_EL_C_MIN;DWELL;;174
2021;431397;LWU_DW_EL_C_UND_250;DWELL;;62
2021;431397;OCCU_DW_EL_C_250_750;DWELL;;128
2021;431397;REGU_DW_EL_C_MORE_750;DWELL;;1220
2021;431397;TOTAL;DWELL;;1584
2021;171812;EMPT_DW_EL_C_MIN;DWELL;;883
2021;171812;LWU_DW_EL_C_UND_250;DWELL;;77
2021;171812;OCCU_DW_EL_C_250_750;DWELL;;308
2021;171812;REGU_DW_EL_C_MORE_750;DWELL;;2646
2021;171812;TOTAL;DWELL;;3914
2021;082460;EMPT_DW_EL_C_MIN;DWELL;;49
2021;082460;LWU_DW_EL_C_UND_250;DWELL;;14
2021;082460;OCCU_DW_EL_C_250_750;DWELL;;46
2021;082460;REGU_DW_EL_C_MORE_750;DWELL;;855
2021;082460;TOTAL;DWELL;;964
2021;082476;EMPT_DW_EL_C_MIN;DWELL;;16
2021;082476;LWU_DW_EL_C_UND_250;DWELL;;10
2021;082476;OCCU_DW_EL_C_250_750;DWELL;;57
2021;082476;REGU_DW_EL_C_MORE_750;DWELL;;482
2021;082476;TOTAL;DWELL;;565
2021;082482;EMPT_DW_EL_C_MIN;DWELL;;225
2021;082482;LWU_DW_EL_C_UND_250;DWELL;;38
2021;082482;OCCU_DW_EL_C_250_750;DWELL;;150
2021;082482;REGU_DW_EL_C_MORE_750;DWELL;;2805
2021;082482;TOTAL;DWELL;;3218
2021;082508;EMPT_DW_EL_C_MIN;DWELL;;468
2021;082508;LWU_DW_EL_C_UND_250;DWELL;;95
2021;082508;OCCU_DW_EL_C_250_750;DWELL;;256
2021;082508;REGU_DW_EL_C_MORE_750;DWELL;;3654
2021;082508;TOTAL;DWELL;;4473
2021;082515;EMPT_DW_EL_C_MIN;DWELL;;256
2021;082515;LWU_DW_EL_C_UND_250;DWELL;;55
2021;082515;OCCU_DW_EL_C_250_750;DWELL;;161
2021;082515;REGU_DW_EL_C_MORE_750;DWELL;;2759
2021;082515;TOTAL;DWELL;;3231
2021;082589;EMPT_DW_EL_C_MIN;DWELL;;216
2021;082589;LWU_DW_EL_C_UND_250;DWELL;;14
2021;082589;OCCU_DW_EL_C_250_750;DWELL;;31
2021;082589;REGU_DW_EL_C_MORE_750;DWELL;;432
2021;082589;TOTAL;DWELL;;693
2021;082592;EMPT_DW_EL_C_MIN;DWELL;;160
2021;082592;LWU_DW_EL_C_UND_250;DWELL;;74
2021;082592;OCCU_DW_EL_C_250_750;DWELL;;229
2021;082592;REGU_DW_EL_C_MORE_750;DWELL;;3753
2021;082592;TOTAL;DWELL;;4216
2021;431401;EMPT_DW_EL_C_MIN;DWELL;;234
2021;431401;LWU_DW_EL_C_UND_250;DWELL;;30
2021;431401;OCCU_DW_EL_C_250_750;DWELL;;137
2021;431401;REGU_DW_EL_C_MORE_750;DWELL;;1328
2021;431401;TOTAL;DWELL;;1729
2021;171848;EMPT_DW_EL_C_MIN;DWELL;;143
2021;171848;LWU_DW_EL_C_UND_250;DWELL;;13
2021;171848;OCCU_DW_EL_C_250_750;DWELL;;69
2021;171848;REGU_DW_EL_C_MORE_750;DWELL;;601
2021;171848;TOTAL;DWELL;;826
2021;082606;EMPT_DW_EL_C_MIN;DWELL;;526
2021;082606;LWU_DW_EL_C_UND_250;DWELL;;126
2021;082606;OCCU_DW_EL_C_250_750;DWELL;;418
2021;082606;REGU_DW_EL_C_MORE_750;DWELL;;8975
2021;082606;TOTAL;DWELL;;10045
2021;082613;EMPT_DW_EL_C_MIN;DWELL;;294
2021;082613;LWU_DW_EL_C_UND_250;DWELL;;95
2021;082613;OCCU_DW_EL_C_250_750;DWELL;;333
2021;082613;REGU_DW_EL_C_MORE_750;DWELL;;1503
2021;082613;TOTAL;DWELL;;2225
2021;081923;EMPT_DW_EL_C_MIN;DWELL;;258
2021;081923;LWU_DW_EL_C_UND_250;DWELL;;44
2021;081923;OCCU_DW_EL_C_250_750;DWELL;;146
2021;081923;REGU_DW_EL_C_MORE_750;DWELL;;2834
2021;081923;TOTAL;DWELL;;3282
2021;431423;EMPT_DW_EL_C_MIN;DWELL;;278
2021;431423;LWU_DW_EL_C_UND_250;DWELL;;49
2021;431423;OCCU_DW_EL_C_250_750;DWELL;;115
2021;431423;REGU_DW_EL_C_MORE_750;DWELL;;541
2021;431423;TOTAL;DWELL;;983
2021;171864;EMPT_DW_EL_C_MIN;DWELL;;102
2021;171864;LWU_DW_EL_C_UND_250;DWELL;;47
2021;171864;OCCU_DW_EL_C_250_750;DWELL;;113
2021;171864;REGU_DW_EL_C_MORE_750;DWELL;;1916
2021;171864;TOTAL;DWELL;;2178
2021;431444;EMPT_DW_EL_C_MIN;DWELL;;229
2021;431444;LWU_DW_EL_C_UND_250;DWELL;;18
2021;431444;OCCU_DW_EL_C_250_750;DWELL;;65
2021;431444;REGU_DW_EL_C_MORE_750;DWELL;;669
2021;431444;TOTAL;DWELL;;981
2021;431457;EMPT_DW_EL_C_MIN;DWELL;;241
2021;431457;LWU_DW_EL_C_UND_250;DWELL;;76
2021;431457;OCCU_DW_EL_C_250_750;DWELL;;200
2021;431457;REGU_DW_EL_C_MORE_750;DWELL;;2179
2021;431457;TOTAL;DWELL;;2696
2021;430445;EMPT_DW_EL_C_MIN;DWELL;;556
2021;430445;LWU_DW_EL_C_UND_250;DWELL;;92
2021;430445;OCCU_DW_EL_C_250_750;DWELL;;231
2021;430445;REGU_DW_EL_C_MORE_750;DWELL;;2176
2021;430445;TOTAL;DWELL;;3055
2021;082671;EMPT_DW_EL_C_MIN;DWELL;;250
2021;082671;LWU_DW_EL_C_UND_250;DWELL;;65
2021;082671;OCCU_DW_EL_C_250_750;DWELL;;202
2021;082671;REGU_DW_EL_C_MORE_750;DWELL;;3473
2021;082671;TOTAL;DWELL;;3990
2021;171903;EMPT_DW_EL_C_MIN;DWELL;;40
2021;171903;LWU_DW_EL_C_UND_250;DWELL;;13
2021;171903;OCCU_DW_EL_C_250_750;DWELL;;40
2021;171903;REGU_DW_EL_C_MORE_750;DWELL;;427
2021;171903;TOTAL;DWELL;;520
2021;252043;EMPT_DW_EL_C_MIN;DWELL;;125
2021;252043;LWU_DW_EL_C_UND_250;DWELL;;33
2021;252043;OCCU_DW_EL_C_250_750;DWELL;;68
2021;252043;REGU_DW_EL_C_MORE_750;DWELL;;725
2021;252043;TOTAL;DWELL;;951
2021;252038;EMPT_DW_EL_C_MIN;DWELL;;595
2021;252038;LWU_DW_EL_C_UND_250;DWELL;;259
2021;252038;OCCU_DW_EL_C_250_750;DWELL;;640
2021;252038;REGU_DW_EL_C_MORE_750;DWELL;;5988
2021;252038;TOTAL;DWELL;;7482
2021;082690;EMPT_DW_EL_C_MIN;DWELL;;183
2021;082690;LWU_DW_EL_C_UND_250;DWELL;;30
2021;082690;OCCU_DW_EL_C_250_750;DWELL;;117
2021;082690;REGU_DW_EL_C_MORE_750;DWELL;;1582
2021;082690;TOTAL;DWELL;;1912
2021;171931;EMPT_DW_EL_C_MIN;DWELL;;258
2021;171931;LWU_DW_EL_C_UND_250;DWELL;;52
2021;171931;OCCU_DW_EL_C_250_750;DWELL;;237
2021;171931;REGU_DW_EL_C_MORE_750;DWELL;;2552
2021;171931;TOTAL;DWELL;;3099
2021;082704;EMPT_DW_EL_C_MIN;DWELL;;2023
2021;082704;LWU_DW_EL_C_UND_250;DWELL;;606
2021;082704;OCCU_DW_EL_C_250_750;DWELL;;1939
2021;082704;REGU_DW_EL_C_MORE_750;DWELL;;14662
2021;082704;TOTAL;DWELL;;19230
2021;252075;EMPT_DW_EL_C_MIN;DWELL;;542
2021;252075;LWU_DW_EL_C_UND_250;DWELL;;179
2021;252075;OCCU_DW_EL_C_250_750;DWELL;;439
2021;252075;REGU_DW_EL_C_MORE_750;DWELL;;3986
2021;252075;TOTAL;DWELL;;5146
2021;252094;EMPT_DW_EL_C_MIN;DWELL;;333
2021;252094;LWU_DW_EL_C_UND_250;DWELL;;188
2021;252094;OCCU_DW_EL_C_250_750;DWELL;;395
2021;252094;REGU_DW_EL_C_MORE_750;DWELL;;1281
2021;252094;TOTAL;DWELL;;2197
2021;252108;EMPT_DW_EL_C_MIN;DWELL;;149
2021;252108;LWU_DW_EL_C_UND_250;DWELL;;5
2021;252108;OCCU_DW_EL_C_250_750;DWELL;;43
2021;252108;REGU_DW_EL_C_MORE_750;DWELL;;582
2021;252108;TOTAL;DWELL;;779
2021;082732;EMPT_DW_EL_C_MIN;DWELL;;228
2021;082732;LWU_DW_EL_C_UND_250;DWELL;;32
2021;082732;OCCU_DW_EL_C_250_750;DWELL;;113
2021;082732;REGU_DW_EL_C_MORE_750;DWELL;;1307
2021;082732;TOTAL;DWELL;;1680
2021;082747;EMPT_DW_EL_C_MIN;DWELL;;297
2021;082747;LWU_DW_EL_C_UND_250;DWELL;;64
2021;082747;OCCU_DW_EL_C_250_750;DWELL;;163
2021;082747;REGU_DW_EL_C_MORE_750;DWELL;;2381
2021;082747;TOTAL;DWELL;;2905
2021;082785;EMPT_DW_EL_C_MIN;DWELL;;160
2021;082785;LWU_DW_EL_C_UND_250;DWELL;;60
2021;082785;OCCU_DW_EL_C_250_750;DWELL;;172
2021;082785;REGU_DW_EL_C_MORE_750;DWELL;;2556
2021;082785;TOTAL;DWELL;;2948
2021;431482;EMPT_DW_EL_C_MIN;DWELL;;8312
2021;431482;LWU_DW_EL_C_UND_250;DWELL;;1496
2021;431482;OCCU_DW_EL_C_250_750;DWELL;;4414
2021;431482;REGU_DW_EL_C_MORE_750;DWELL;;52978
2021;431482;TOTAL;DWELL;;67200
2021;252173;EMPT_DW_EL_C_MIN;DWELL;;872
2021;252173;LWU_DW_EL_C_UND_250;DWELL;;250
2021;252173;OCCU_DW_EL_C_250_750;DWELL;;710
2021;252173;REGU_DW_EL_C_MORE_750;DWELL;;7000
2021;252173;TOTAL;DWELL;;8832
2021;082819;EMPT_DW_EL_C_MIN;DWELL;;177
2021;082819;LWU_DW_EL_C_UND_250;DWELL;;32
2021;082819;OCCU_DW_EL_C_250_750;DWELL;;139
2021;082819;REGU_DW_EL_C_MORE_750;DWELL;;2345
2021;082819;TOTAL;DWELL;;2693
2021;252206;EMPT_DW_EL_C_MIN;DWELL;;126
2021;252206;LWU_DW_EL_C_UND_250;DWELL;;24
2021;252206;OCCU_DW_EL_C_250_750;DWELL;;48
2021;252206;REGU_DW_EL_C_MORE_750;DWELL;;504
2021;252206;TOTAL;DWELL;;702
2021;082798;EMPT_DW_EL_C_MIN;DWELL;;9623
2021;082798;LWU_DW_EL_C_UND_250;DWELL;;1714
2021;082798;OCCU_DW_EL_C_250_750;DWELL;;5265
2021;082798;REGU_DW_EL_C_MORE_750;DWELL;;84532
2021;082798;TOTAL;DWELL;;101134
2021;082824;EMPT_DW_EL_C_MIN;DWELL;;150
2021;082824;LWU_DW_EL_C_UND_250;DWELL;;35
2021;082824;OCCU_DW_EL_C_250_750;DWELL;;138
2021;082824;REGU_DW_EL_C_MORE_750;DWELL;;3113
2021;082824;TOTAL;DWELL;;3436
2021;431508;EMPT_DW_EL_C_MIN;DWELL;;399
2021;431508;LWU_DW_EL_C_UND_250;DWELL;;51
2021;431508;OCCU_DW_EL_C_250_750;DWELL;;108
2021;431508;REGU_DW_EL_C_MORE_750;DWELL;;681
2021;431508;TOTAL;DWELL;;1239
2021;082830;EMPT_DW_EL_C_MIN;DWELL;;152
2021;082830;LWU_DW_EL_C_UND_250;DWELL;;71
2021;082830;OCCU_DW_EL_C_250_750;DWELL;;186
2021;082830;REGU_DW_EL_C_MORE_750;DWELL;;3196
2021;082830;TOTAL;DWELL;;3605
2021;252234;EMPT_DW_EL_C_MIN;DWELL;;127
2021;252234;LWU_DW_EL_C_UND_250;DWELL;;47
2021;252234;OCCU_DW_EL_C_250_750;DWELL;;63
2021;252234;REGU_DW_EL_C_MORE_750;DWELL;;528
2021;252234;TOTAL;DWELL;;765
2021;082845;EMPT_DW_EL_C_MIN;DWELL;;1601
2021;082845;LWU_DW_EL_C_UND_250;DWELL;;209
2021;082845;OCCU_DW_EL_C_250_750;DWELL;;694
2021;082845;REGU_DW_EL_C_MORE_750;DWELL;;7124
2021;082845;TOTAL;DWELL;;9628
2021;082858;EMPT_DW_EL_C_MIN;DWELL;;564
2021;082858;LWU_DW_EL_C_UND_250;DWELL;;109
2021;082858;OCCU_DW_EL_C_250_750;DWELL;;383
2021;082858;REGU_DW_EL_C_MORE_750;DWELL;;5531
2021;082858;TOTAL;DWELL;;6587
2021;082861;EMPT_DW_EL_C_MIN;DWELL;;403
2021;082861;LWU_DW_EL_C_UND_250;DWELL;;72
2021;082861;OCCU_DW_EL_C_250_750;DWELL;;203
2021;082861;REGU_DW_EL_C_MORE_750;DWELL;;1599
2021;082861;TOTAL;DWELL;;2277
2021;431536;EMPT_DW_EL_C_MIN;DWELL;;1160
2021;431536;LWU_DW_EL_C_UND_250;DWELL;;897
2021;431536;OCCU_DW_EL_C_250_750;DWELL;;2758
2021;431536;REGU_DW_EL_C_MORE_750;DWELL;;9738
2021;431536;TOTAL;DWELL;;14553
2021;252287;EMPT_DW_EL_C_MIN;DWELL;;223
2021;252287;LWU_DW_EL_C_UND_250;DWELL;;18
2021;252287;OCCU_DW_EL_C_250_750;DWELL;;108
2021;252287;REGU_DW_EL_C_MORE_750;DWELL;;1785
2021;252287;TOTAL;DWELL;;2134
2021;252304;EMPT_DW_EL_C_MIN;DWELL;;221
2021;252304;LWU_DW_EL_C_UND_250;DWELL;;21
2021;252304;OCCU_DW_EL_C_250_750;DWELL;;68
2021;252304;REGU_DW_EL_C_MORE_750;DWELL;;797
2021;252304;TOTAL;DWELL;;1107
2021;082877;EMPT_DW_EL_C_MIN;DWELL;;126
2021;082877;LWU_DW_EL_C_UND_250;DWELL;;22
2021;082877;OCCU_DW_EL_C_250_750;DWELL;;57
2021;082877;REGU_DW_EL_C_MORE_750;DWELL;;534
2021;082877;TOTAL;DWELL;;739
2021;082883;EMPT_DW_EL_C_MIN;DWELL;;389
2021;082883;LWU_DW_EL_C_UND_250;DWELL;;93
2021;082883;OCCU_DW_EL_C_250_750;DWELL;;212
2021;082883;REGU_DW_EL_C_MORE_750;DWELL;;1144
2021;082883;TOTAL;DWELL;;1838
2021;082896;EMPT_DW_EL_C_MIN;DWELL;;186
2021;082896;LWU_DW_EL_C_UND_250;DWELL;;42
2021;082896;OCCU_DW_EL_C_250_750;DWELL;;115
2021;082896;REGU_DW_EL_C_MORE_750;DWELL;;2250
2021;082896;TOTAL;DWELL;;2593
2021;252326;EMPT_DW_EL_C_MIN;DWELL;;184
2021;252326;LWU_DW_EL_C_UND_250;DWELL;;14
2021;252326;OCCU_DW_EL_C_250_750;DWELL;;81
2021;252326;REGU_DW_EL_C_MORE_750;DWELL;;845
2021;252326;TOTAL;DWELL;;1124
2021;171997;EMPT_DW_EL_C_MIN;DWELL;;3034
2021;171997;LWU_DW_EL_C_UND_250;DWELL;;763
2021;171997;OCCU_DW_EL_C_250_750;DWELL;;2138
2021;171997;REGU_DW_EL_C_MORE_750;DWELL;;5795
2021;171997;TOTAL;DWELL;;11730
2021;431554;EMPT_DW_EL_C_MIN;DWELL;;3514
2021;431554;LWU_DW_EL_C_UND_250;DWELL;;507
2021;431554;OCCU_DW_EL_C_250_750;DWELL;;1426
2021;431554;REGU_DW_EL_C_MORE_750;DWELL;;14207
2021;431554;TOTAL;DWELL;;19654
2021;172023;EMPT_DW_EL_C_MIN;DWELL;;1528
2021;172023;LWU_DW_EL_C_UND_250;DWELL;;533
2021;172023;OCCU_DW_EL_C_250_750;DWELL;;1470
2021;172023;REGU_DW_EL_C_MORE_750;DWELL;;3574
2021;172023;TOTAL;DWELL;;7105
2021;252347;EMPT_DW_EL_C_MIN;DWELL;;1073
2021;252347;LWU_DW_EL_C_UND_250;DWELL;;314
2021;252347;OCCU_DW_EL_C_250_750;DWELL;;566
2021;252347;REGU_DW_EL_C_MORE_750;DWELL;;2776
2021;252347;TOTAL;DWELL;;4729
2021;172044;EMPT_DW_EL_C_MIN;DWELL;;85
2021;172044;LWU_DW_EL_C_UND_250;DWELL;;10
2021;172044;OCCU_DW_EL_C_250_750;DWELL;;36
2021;172044;REGU_DW_EL_C_MORE_750;DWELL;;394
2021;172044;TOTAL;DWELL;;525
2021;082900;EMPT_DW_EL_C_MIN;DWELL;;72
2021;082900;LWU_DW_EL_C_UND_250;DWELL;;11
2021;082900;OCCU_DW_EL_C_250_750;DWELL;;22
2021;082900;REGU_DW_EL_C_MORE_750;DWELL;;715
2021;082900;TOTAL;DWELL;;820
2021;431567;EMPT_DW_EL_C_MIN;DWELL;;1053
2021;431567;LWU_DW_EL_C_UND_250;DWELL;;123
2021;431567;OCCU_DW_EL_C_250_750;DWELL;;295
2021;431567;REGU_DW_EL_C_MORE_750;DWELL;;2455
2021;431567;TOTAL;DWELL;;3926
2021;082917;EMPT_DW_EL_C_MIN;DWELL;;727
2021;082917;LWU_DW_EL_C_UND_250;DWELL;;61
2021;082917;OCCU_DW_EL_C_250_750;DWELL;;263
2021;082917;REGU_DW_EL_C_MORE_750;DWELL;;2656
2021;082917;TOTAL;DWELL;;3707
2021;172076;EMPT_DW_EL_C_MIN;DWELL;;325
2021;172076;LWU_DW_EL_C_UND_250;DWELL;;27
2021;172076;OCCU_DW_EL_C_250_750;DWELL;;108
2021;172076;REGU_DW_EL_C_MORE_750;DWELL;;1125
2021;172076;TOTAL;DWELL;;1585
2021;172082;EMPT_DW_EL_C_MIN;DWELL;;54
2021;172082;LWU_DW_EL_C_UND_250;DWELL;;13
2021;172082;OCCU_DW_EL_C_250_750;DWELL;;58
2021;172082;REGU_DW_EL_C_MORE_750;DWELL;;519
2021;172082;TOTAL;DWELL;;644
2021;250432;EMPT_DW_EL_C_MIN;DWELL;;230
2021;250432;LWU_DW_EL_C_UND_250;DWELL;;256
2021;250432;OCCU_DW_EL_C_250_750;DWELL;;605
2021;250432;REGU_DW_EL_C_MORE_750;DWELL;;819
2021;250432;TOTAL;DWELL;;1910
2021;082922;EMPT_DW_EL_C_MIN;DWELL;;94
2021;082922;LWU_DW_EL_C_UND_250;DWELL;;22
2021;082922;OCCU_DW_EL_C_250_750;DWELL;;53
2021;082922;REGU_DW_EL_C_MORE_750;DWELL;;501
2021;082922;TOTAL;DWELL;;670
2021;252402;EMPT_DW_EL_C_MIN;DWELL;;154
2021;252402;LWU_DW_EL_C_UND_250;DWELL;;13
2021;252402;OCCU_DW_EL_C_250_750;DWELL;;58
2021;252402;REGU_DW_EL_C_MORE_750;DWELL;;700
2021;252402;TOTAL;DWELL;;925
2021;082943;EMPT_DW_EL_C_MIN;DWELL;;244
2021;082943;LWU_DW_EL_C_UND_250;DWELL;;30
2021;082943;OCCU_DW_EL_C_250_750;DWELL;;129
2021;082943;REGU_DW_EL_C_MORE_750;DWELL;;1237
2021;082943;TOTAL;DWELL;;1640
2021;082956;EMPT_DW_EL_C_MIN;DWELL;;764
2021;082956;LWU_DW_EL_C_UND_250;DWELL;;103
2021;082956;OCCU_DW_EL_C_250_750;DWELL;;365
2021;082956;REGU_DW_EL_C_MORE_750;DWELL;;5717
2021;082956;TOTAL;DWELL;;6949
2021;431606;EMPT_DW_EL_C_MIN;DWELL;;267
2021;431606;LWU_DW_EL_C_UND_250;DWELL;;25
2021;431606;OCCU_DW_EL_C_250_750;DWELL;;66
2021;431606;REGU_DW_EL_C_MORE_750;DWELL;;680
2021;431606;TOTAL;DWELL;;1038
2021;082969;EMPT_DW_EL_C_MIN;DWELL;;129
2021;082969;LWU_DW_EL_C_UND_250;DWELL;;10
2021;082969;OCCU_DW_EL_C_250_750;DWELL;;65
2021;082969;REGU_DW_EL_C_MORE_750;DWELL;;953
2021;082969;TOTAL;DWELL;;1157
2021;431613;EMPT_DW_EL_C_MIN;DWELL;;2375
2021;431613;LWU_DW_EL_C_UND_250;DWELL;;285
2021;431613;OCCU_DW_EL_C_250_750;DWELL;;820
2021;431613;REGU_DW_EL_C_MORE_750;DWELL;;9888
2021;431613;TOTAL;DWELL;;13368
2021;431628;EMPT_DW_EL_C_MIN;DWELL;;1128
2021;431628;LWU_DW_EL_C_UND_250;DWELL;;402
2021;431628;OCCU_DW_EL_C_250_750;DWELL;;1096
2021;431628;REGU_DW_EL_C_MORE_750;DWELL;;3287
2021;431628;TOTAL;DWELL;;5913
2021;431634;EMPT_DW_EL_C_MIN;DWELL;;3377
2021;431634;LWU_DW_EL_C_UND_250;DWELL;;1736
2021;431634;OCCU_DW_EL_C_250_750;DWELL;;5303
2021;431634;REGU_DW_EL_C_MORE_750;DWELL;;20647
2021;431634;TOTAL;DWELL;;31063
2021;172116;EMPT_DW_EL_C_MIN;DWELL;;85
2021;172116;LWU_DW_EL_C_UND_250;DWELL;;18
2021;172116;OCCU_DW_EL_C_250_750;DWELL;;55
2021;172116;REGU_DW_EL_C_MORE_750;DWELL;;481
2021;172116;TOTAL;DWELL;;639
2021;082981;EMPT_DW_EL_C_MIN;DWELL;;838
2021;082981;LWU_DW_EL_C_UND_250;DWELL;;375
2021;082981;OCCU_DW_EL_C_250_750;DWELL;;1220
2021;082981;REGU_DW_EL_C_MORE_750;DWELL;;17403
2021;082981;TOTAL;DWELL;;19836
2021;172137;EMPT_DW_EL_C_MIN;DWELL;;439
2021;172137;LWU_DW_EL_C_UND_250;DWELL;;77
2021;172137;OCCU_DW_EL_C_250_750;DWELL;;317
2021;172137;REGU_DW_EL_C_MORE_750;DWELL;;3515
2021;172137;TOTAL;DWELL;;4348
2021;252430;EMPT_DW_EL_C_MIN;DWELL;;798
2021;252430;LWU_DW_EL_C_UND_250;DWELL;;405
2021;252430;OCCU_DW_EL_C_250_750;DWELL;;1017
2021;252430;REGU_DW_EL_C_MORE_750;DWELL;;3092
2021;252430;TOTAL;DWELL;;5312
2021;172155;EMPT_DW_EL_C_MIN;DWELL;;65
2021;172155;LWU_DW_EL_C_UND_250;DWELL;;19
2021;172155;OCCU_DW_EL_C_250_750;DWELL;;72
2021;172155;REGU_DW_EL_C_MORE_750;DWELL;;1024
2021;172155;TOTAL;DWELL;;1180
2021;083015;EMPT_DW_EL_C_MIN;DWELL;;1531
2021;083015;LWU_DW_EL_C_UND_250;DWELL;;340
2021;083015;OCCU_DW_EL_C_250_750;DWELL;;1149
2021;083015;REGU_DW_EL_C_MORE_750;DWELL;;23566
2021;083015;TOTAL;DWELL;;26586
2021;083008;EMPT_DW_EL_C_MIN;DWELL;;203
2021;083008;LWU_DW_EL_C_UND_250;DWELL;;42
2021;083008;OCCU_DW_EL_C_250_750;DWELL;;139
2021;083008;REGU_DW_EL_C_MORE_750;DWELL;;2582
2021;083008;TOTAL;DWELL;;2966
2021;172207;EMPT_DW_EL_C_MIN;DWELL;;120
2021;172207;LWU_DW_EL_C_UND_250;DWELL;;36
2021;172207;OCCU_DW_EL_C_250_750;DWELL;;116
2021;172207;REGU_DW_EL_C_MORE_750;DWELL;;715
2021;172207;TOTAL;DWELL;;987
2021;172214;EMPT_DW_EL_C_MIN;DWELL;;127
2021;172214;LWU_DW_EL_C_UND_250;DWELL;;24
2021;172214;OCCU_DW_EL_C_250_750;DWELL;;99
2021;172214;REGU_DW_EL_C_MORE_750;DWELL;;1764
2021;172214;TOTAL;DWELL;;2014
2021;083054;EMPT_DW_EL_C_MIN;DWELL;;1182
2021;083054;LWU_DW_EL_C_UND_250;DWELL;;326
2021;083054;OCCU_DW_EL_C_250_750;DWELL;;1023
2021;083054;REGU_DW_EL_C_MORE_750;DWELL;;15733
2021;083054;TOTAL;DWELL;;18264
2021;172235;EMPT_DW_EL_C_MIN;DWELL;;64
2021;172235;LWU_DW_EL_C_UND_250;DWELL;;20
2021;172235;OCCU_DW_EL_C_250_750;DWELL;;34
2021;172235;REGU_DW_EL_C_MORE_750;DWELL;;455
2021;172235;TOTAL;DWELL;;573
2021;431665;EMPT_DW_EL_C_MIN;DWELL;;101
2021;431665;LWU_DW_EL_C_UND_250;DWELL;;22
2021;431665;OCCU_DW_EL_C_250_750;DWELL;;88
2021;431665;REGU_DW_EL_C_MORE_750;DWELL;;978
2021;431665;TOTAL;DWELL;;1189
2021;172266;EMPT_DW_EL_C_MIN;DWELL;;51
2021;172266;LWU_DW_EL_C_UND_250;DWELL;;7
2021;172266;OCCU_DW_EL_C_250_750;DWELL;;29
2021;172266;REGU_DW_EL_C_MORE_750;DWELL;;366
2021;172266;TOTAL;DWELL;;453
2021;252483;EMPT_DW_EL_C_MIN;DWELL;;84
2021;252483;LWU_DW_EL_C_UND_250;DWELL;;10
2021;252483;OCCU_DW_EL_C_250_750;DWELL;;39
2021;252483;REGU_DW_EL_C_MORE_750;DWELL;;421
2021;252483;TOTAL;DWELL;;554
2021;252542;EMPT_DW_EL_C_MIN;DWELL;;129
2021;252542;LWU_DW_EL_C_UND_250;DWELL;;18
2021;252542;OCCU_DW_EL_C_250_750;DWELL;;45
2021;252542;REGU_DW_EL_C_MORE_750;DWELL;;382
2021;252542;TOTAL;DWELL;;574
2021;252516;EMPT_DW_EL_C_MIN;DWELL;..; 
2021;252516;LWU_DW_EL_C_UND_250;DWELL;..; 
2021;252516;OCCU_DW_EL_C_250_750;DWELL;..; 
2021;252516;REGU_DW_EL_C_MORE_750;DWELL;..; 
2021;252516;TOTAL;DWELL;..; 
2021;083020;EMPT_DW_EL_C_MIN;DWELL;;284
2021;083020;LWU_DW_EL_C_UND_250;DWELL;;139
2021;083020;OCCU_DW_EL_C_250_750;DWELL;;331
2021;083020;REGU_DW_EL_C_MORE_750;DWELL;;4585
2021;083020;TOTAL;DWELL;;5339
2021;089024;EMPT_DW_EL_C_MIN;DWELL;;156
2021;089024;LWU_DW_EL_C_UND_250;DWELL;;19
2021;089024;OCCU_DW_EL_C_250_750;DWELL;;101
2021;089024;REGU_DW_EL_C_MORE_750;DWELL;;2001
2021;089024;TOTAL;DWELL;;2277
2021;083073;EMPT_DW_EL_C_MIN;DWELL;;2331
2021;083073;LWU_DW_EL_C_UND_250;DWELL;;775
2021;083073;OCCU_DW_EL_C_250_750;DWELL;;2630
2021;083073;REGU_DW_EL_C_MORE_750;DWELL;;27419
2021;083073;TOTAL;DWELL;;33155
2021;431704;EMPT_DW_EL_C_MIN;DWELL;;211
2021;431704;LWU_DW_EL_C_UND_250;DWELL;;22
2021;431704;OCCU_DW_EL_C_250_750;DWELL;;79
2021;431704;REGU_DW_EL_C_MORE_750;DWELL;;533
2021;431704;TOTAL;DWELL;;845
2021;431711;EMPT_DW_EL_C_MIN;DWELL;;3119
2021;431711;LWU_DW_EL_C_UND_250;DWELL;;1458
2021;431711;OCCU_DW_EL_C_250_750;DWELL;;3118
2021;431711;REGU_DW_EL_C_MORE_750;DWELL;;9722
2021;431711;TOTAL;DWELL;;17417
2021;082140;EMPT_DW_EL_C_MIN;DWELL;;363
2021;082140;LWU_DW_EL_C_UND_250;DWELL;;61
2021;082140;OCCU_DW_EL_C_250_750;DWELL;;200
2021;082140;REGU_DW_EL_C_MORE_750;DWELL;;3434
2021;082140;TOTAL;DWELL;;4058
2021;082191;EMPT_DW_EL_C_MIN;DWELL;;990
2021;082191;LWU_DW_EL_C_UND_250;DWELL;;190
2021;082191;OCCU_DW_EL_C_250_750;DWELL;;643
2021;082191;REGU_DW_EL_C_MORE_750;DWELL;;8363
2021;082191;TOTAL;DWELL;;10186
2021;172333;EMPT_DW_EL_C_MIN;DWELL;;110
2021;172333;LWU_DW_EL_C_UND_250;DWELL;;20
2021;172333;OCCU_DW_EL_C_250_750;DWELL;;66
2021;172333;REGU_DW_EL_C_MORE_750;DWELL;;1150
2021;172333;TOTAL;DWELL;;1346
2021;083041;EMPT_DW_EL_C_MIN;DWELL;;96
2021;083041;LWU_DW_EL_C_UND_250;DWELL;;2
2021;083041;OCCU_DW_EL_C_250_750;DWELL;;17
2021;083041;REGU_DW_EL_C_MORE_750;DWELL;;377
2021;083041;TOTAL;DWELL;;492
2021;431785;EMPT_DW_EL_C_MIN;DWELL;;129
2021;431785;LWU_DW_EL_C_UND_250;DWELL;;96
2021;431785;OCCU_DW_EL_C_250_750;DWELL;;247
2021;431785;REGU_DW_EL_C_MORE_750;DWELL;;1058
2021;431785;TOTAL;DWELL;;1530
2021;430521;EMPT_DW_EL_C_MIN;DWELL;;242
2021;430521;LWU_DW_EL_C_UND_250;DWELL;;35
2021;430521;OCCU_DW_EL_C_250_750;DWELL;;65
2021;430521;REGU_DW_EL_C_MORE_750;DWELL;;513
2021;430521;TOTAL;DWELL;;855
2021;TOTAL;EMPT_DW_EL_C_MIN;DWELL;;417652
2021;TOTAL;LWU_DW_EL_C_UND_250;DWELL;;107002
2021;TOTAL;OCCU_DW_EL_C_250_750;DWELL;;322149
2021;TOTAL;REGU_DW_EL_C_MORE_750;DWELL;;3068324
2021;TOTAL;TOTAL;DWELL;;3915127
